,unicef_region,iso3,country,vaccine,2016,2015,2014,2013,2012,2011,2010,2009,2008,2007,2006,2005,2004,2003,2002,2001,2000,1999,1998,1997,1996,1995,1994,1993,1992,1991,1990,1989,1988,1987,1986,1985,1984,1983,1982,1981,1980,economy,millions of US dollars, Total (in thousdands) , Male , Female , 0-14 (percentage) , 15-24 , 25-59 , 60+ ,Number under age 14
0,South Asia,AFG,Afghanistan,DTP1,73.0,73.0,73.0,76.0,78.0,78.0,72.0,72.0,75.0,76.0,75.0,76.0,72.0,66.0,62.0,59.0,48.0,52.0,52.0,48.0,56.0,44.0,33.0,41.0,45.0,47.0,50.0,58.0,60.0,50.0,32.0,37.0,39.0,24.0,24.0,,22.0,Afghanistan,"19,469"," 35,530 "," 18,310 "," 17,220 ",43.0,21.0, 31 ,4.0," 15,277,900 "
1,Eastern Europe & Central Asia,ALB,Albania,DTP1,99.0,99.0,99.0,99.0,99.0,99.0,99.0,99.0,99.0,98.0,98.0,99.0,98.0,97.0,98.0,97.0,98.0,98.0,99.0,99.0,98.0,98.0,99.0,98.0,97.0,92.0,97.0,97.0,98.0,98.0,98.0,98.0,98.0,98.0,98.0,97.0,97.0,Albania,"11,927"," 2,930 "," 1,479 "," 1,451 ",17.0,16.0, 48 ,19.0," 498,100 "
2,Middle East & North Africa,DZA,Algeria,DTP1,96.0,99.0,99.0,99.0,99.0,99.0,99.0,98.0,97.0,98.0,98.0,94.0,93.0,93.0,93.0,92.0,95.0,92.0,94.0,96.0,96.0,96.0,95.0,96.0,96.0,96.0,96.0,95.0,93.0,92.0,92.0,88.0,,,,,,Algeria,"156,080"," 41,318 "," 20,866 "," 20,452 ",29.0,15.0, zz ,9.0," 11,982,220 "
3,Western Europe,AND,Andorra,DTP1,99.0,99.0,99.0,98.0,99.0,99.0,99.0,99.0,99.0,98.0,97.0,99.0,99.0,99.0,99.0,98.0,99.0,96.0,96.0,96.0,,,,,,,,,,,,,,,,,,Andorra, .. , 77 ,,,,,,, -   
4,Eastern & Southern Africa,AGO,Angola,DTP1,79.0,77.0,81.0,79.0,83.0,88.0,93.0,79.0,88.0,73.0,57.0,54.0,69.0,64.0,62.0,55.0,44.0,51.0,59.0,66.0,53.0,48.0,52.0,55.0,45.0,51.0,48.0,41.0,33.0,31.0,31.0,28.0,28.0,25.0,,,,Angola,"89,633"," 29,784 "," 14,605 "," 15,179 ",47.0,19.0, 30 ,4.0," 13,998,480 "
5,Latin America & Caribbean,ATG,Antigua and Barbuda,DTP1,99.0,99.0,99.0,99.0,99.0,99.0,99.0,99.0,99.0,99.0,99.0,99.0,99.0,99.0,98.0,99.0,98.0,99.0,99.0,99.0,99.0,99.0,99.0,99.0,99.0,97.0,99.0,99.0,98.0,98.0,98.0,99.0,97.0,99.0,92.0,92.0,77.0,Antigua and Barbuda,"1,449", 102 , 49 , 53 ,24.0,17.0, 49 ,11.0," 24,480 "
6,Latin America & Caribbean,ARG,Argentina,DTP1,97.0,94.0,98.0,94.0,94.0,94.0,95.0,94.0,97.0,94.0,93.0,99.0,99.0,96.0,96.0,96.0,96.0,96.0,96.0,96.0,94.0,95.0,94.0,93.0,93.0,93.0,95.0,93.0,93.0,91.0,86.0,86.0,83.0,82.0,80.0,73.0,69.0,Argentina,"545,866"," 44,271 "," 21,668 "," 22,603 ",25.0,16.0, 44 ,15.0," 11,067,750 "
7,Eastern Europe & Central Asia,ARM,Armenia,DTP1,97.0,97.0,97.0,97.0,98.0,98.0,98.0,97.0,96.0,96.0,95.0,96.0,97.0,98.0,98.0,98.0,97.0,97.0,93.0,96.0,95.0,98.0,95.0,95.0,95.0,,,,,,,,,,,,,Armenia,"10,547"," 2,930 "," 1,378 "," 1,552 ",20.0,13.0, 50 ,17.0," 586,000 "
8,East Asia & Pacific,AUS,Australia,DTP1,98.0,97.0,92.0,92.0,92.0,92.0,97.0,97.0,97.0,97.0,97.0,97.0,97.0,97.0,97.0,97.0,96.0,96.0,84.0,91.0,95.0,95.0,96.0,96.0,97.0,97.0,98.0,97.0,96.0,93.0,91.0,87.0,83.0,78.0,72.0,65.0,58.0,Australia,"1,204,616"," 24,451 "," 12,181 "," 12,270 ",19.0,13.0, 47 ,21.0," 4,645,690 "
9,Western Europe,AUT,Austria,DTP1,99.0,99.0,99.0,99.0,99.0,99.0,98.0,93.0,97.0,99.0,99.0,99.0,99.0,99.0,99.0,99.0,99.0,96.0,96.0,96.0,96.0,96.0,96.0,96.0,96.0,96.0,96.0,96.0,96.0,96.0,96.0,96.0,96.0,96.0,96.0,96.0,96.0,Austria,"386,428"," 8,735 "," 4,283 "," 4,452 ",14.0,11.0, 50 ,25.0," 1,222,900 "
10,Eastern Europe & Central Asia,AZE,Azerbaijan,DTP1,98.0,97.0,96.0,95.0,94.0,94.0,94.0,90.0,90.0,87.0,86.0,81.0,84.0,83.0,82.0,83.0,83.0,83.0,81.0,78.0,82.0,79.0,77.0,65.0,64.0,,,,,,,,,,,,,Azerbaijan,"37,848"," 9,828 "," 4,895 "," 4,932 ",23.0,15.0, 51 ,10.0," 2,260,440 "
11,Latin America & Caribbean,BHS,Bahamas,DTP1,95.0,99.0,96.0,99.0,99.0,99.0,99.0,99.0,99.0,98.0,95.0,99.0,99.0,99.0,99.0,99.0,99.0,96.0,96.0,95.0,95.0,95.0,97.0,97.0,97.0,97.0,95.0,95.0,95.0,95.0,95.0,95.0,87.0,85.0,87.0,78.0,61.0,"Bahamas, The","9,047", 395 , 194 , 202 ,20.0,16.0, 50 ,14.0," 79,000 "
12,Middle East & North Africa,BHR,Bahrain,DTP1,99.0,98.0,98.0,99.0,99.0,99.0,99.0,98.0,98.0,97.0,99.0,99.0,99.0,99.0,99.0,99.0,98.0,99.0,98.0,98.0,96.0,98.0,99.0,97.0,97.0,99.0,97.0,98.0,98.0,98.0,97.0,96.0,95.0,94.0,92.0,91.0,89.0,Bahrain,"31,859"," 1,493 ", 936 , 556 ,20.0,13.0, 62 ,5.0," 298,600 "
13,South Asia,BGD,Bangladesh,DTP1,99.0,99.0,99.0,98.0,97.0,99.0,98.0,99.0,99.0,98.0,97.0,97.0,99.0,93.0,95.0,94.0,92.0,91.0,89.0,92.0,91.0,87.0,94.0,79.0,86.0,88.0,86.0,73.0,39.0,29.0,22.0,20.0,18.0,18.0,18.0,18.0,,Bangladesh,"221,415"," 164,670 "," 83,036 "," 81,634 ",28.0,19.0, 45 ,7.0," 46,107,600 "
14,Latin America & Caribbean,BRB,Barbados,DTP1,99.0,99.0,98.0,97.0,96.0,95.0,94.0,93.0,85.0,93.0,94.0,97.0,97.0,91.0,92.0,92.0,93.0,95.0,96.0,98.0,95.0,97.0,96.0,95.0,96.0,94.0,97.0,92.0,91.0,92.0,92.0,94.0,94.0,87.0,83.0,80.0,82.0,Barbados,"4,588", 286 , 137 , 149 ,19.0,13.0, 47 ,21.0," 54,340 "
15,Eastern Europe & Central Asia,BLR,Belarus,DTP1,99.0,99.0,97.0,99.0,98.0,99.0,99.0,98.0,98.0,99.0,99.0,99.0,99.0,74.0,99.0,99.0,99.0,99.0,99.0,98.0,98.0,98.0,97.0,97.0,96.0,,,,,,,,,,,,,Belarus,"47,433"," 9,468 "," 4,406 "," 5,062 ",17.0,10.0, 52 ,21.0," 1,609,560 "
16,Western Europe,BEL,Belgium,DTP1,99.0,99.0,99.0,99.0,99.0,99.0,99.0,99.0,99.0,99.0,99.0,98.0,97.0,97.0,97.0,97.0,97.0,97.0,96.0,95.0,98.0,97.0,98.0,98.0,98.0,97.0,97.0,97.0,93.0,98.0,98.0,98.0,98.0,98.0,98.0,98.0,98.0,Belgium,"466,366"," 11,429 "," 5,636 "," 5,793 ",17.0,11.0, 47 ,25.0," 1,942,930 "
17,Latin America & Caribbean,BLZ,Belize,DTP1,98.0,97.0,96.0,96.0,99.0,98.0,99.0,99.0,98.0,98.0,98.0,98.0,98.0,98.0,97.0,97.0,96.0,96.0,95.0,95.0,95.0,94.0,96.0,96.0,96.0,94.0,97.0,88.0,90.0,87.0,98.0,81.0,77.0,81.0,74.0,77.0,72.0,Belize,"1,765", 375 , 187 , 188 ,31.0,20.0, 42 ,6.0," 116,250 "
18,West & Central Africa,BEN,Benin,DTP1,86.0,86.0,86.0,86.0,89.0,85.0,87.0,89.0,91.0,94.0,89.0,84.0,85.0,86.0,87.0,88.0,89.0,88.0,87.0,86.0,86.0,82.0,89.0,87.0,86.0,83.0,86.0,68.0,51.0,46.0,36.0,36.0,,,,,,Benin,"8,583"," 11,176 "," 5,575 "," 5,601 ",43.0,20.0, 32 ,5.0," 4,805,680 "
19,South Asia,BTN,Bhutan,DTP1,99.0,99.0,99.0,97.0,97.0,98.0,94.0,97.0,97.0,98.0,97.0,97.0,92.0,96.0,95.0,96.0,96.0,95.0,96.0,95.0,95.0,95.0,95.0,92.0,95.0,97.0,98.0,91.0,88.0,84.0,77.0,66.0,53.0,39.0,37.0,35.0,25.0,Bhutan,"2,237", 808 , 429 , 379 ,27.0,19.0, 47 ,7.0," 218,160 "
20,Latin America & Caribbean,BOL,Bolivia (Plurinational State of),DTP1,99.0,99.0,99.0,98.0,97.0,98.0,97.0,97.0,96.0,85.0,87.0,93.0,88.0,96.0,94.0,91.0,92.0,92.0,86.0,80.0,82.0,84.0,80.0,76.0,70.0,68.0,66.0,76.0,53.0,60.0,67.0,58.0,25.0,31.0,33.0,35.0,32.0,Bolivia,"33,806"," 11,052 "," 5,533 "," 5,519 ",32.0,19.0, 40 ,9.0," 3,536,640 "
21,Eastern Europe & Central Asia,BIH,Bosnia and Herzegovina,DTP1,90.0,89.0,92.0,94.0,95.0,94.0,95.0,95.0,95.0,96.0,94.0,95.0,93.0,93.0,86.0,94.0,90.0,90.0,91.0,92.0,86.0,78.0,94.0,63.0,80.0,,,,,,,,,,,,,Bosnia and Herzegovina,"16,560"," 3,507 "," 1,722 "," 1,785 ",14.0,13.0, 50 ,23.0," 490,980 "
22,Eastern & Southern Africa,BWA,Botswana,DTP1,98.0,98.0,98.0,98.0,98.0,98.0,98.0,98.0,98.0,98.0,98.0,98.0,98.0,98.0,98.0,98.0,98.0,98.0,98.0,98.0,98.0,98.0,99.0,99.0,99.0,99.0,99.0,99.0,96.0,93.0,98.0,98.0,98.0,97.0,97.0,93.0,89.0,Botswana,"15,275"," 2,292 "," 1,133 "," 1,159 ",31.0,19.0, 43 ,6.0," 710,520 "
23,Latin America & Caribbean,BRA,Brazil,DTP1,89.0,97.0,98.0,98.0,99.0,99.0,99.0,99.0,99.0,99.0,99.0,99.0,99.0,99.0,99.0,99.0,99.0,99.0,99.0,99.0,75.0,85.0,50.0,91.0,88.0,92.0,86.0,79.0,80.0,80.0,80.0,86.0,87.0,82.0,79.0,72.0,62.0,Brazil,"1,796,187"," 209,288 "," 102,855 "," 106,433 ",22.0,16.0, 49 ,13.0," 46,043,360 "
24,East Asia & Pacific,BRN,Brunei Darussalam,DTP1,99.0,99.0,99.0,99.0,99.0,99.0,98.0,99.0,99.0,99.0,99.0,99.0,99.0,99.0,99.0,99.0,99.0,99.0,99.0,99.0,99.0,99.0,99.0,99.0,98.0,98.0,97.0,97.0,96.0,95.0,95.0,96.0,98.0,95.0,99.0,97.0,96.0,Brunei Darussalam,"11,400", 429 , 221 , 208 ,23.0,16.0, 52 ,8.0," 98,670 "
25,Eastern Europe & Central Asia,BGR,Bulgaria,DTP1,94.0,93.0,90.0,96.0,96.0,96.0,96.0,96.0,97.0,96.0,97.0,97.0,95.0,96.0,97.0,95.0,95.0,96.0,96.0,97.0,98.0,98.0,97.0,98.0,98.0,99.0,99.0,99.0,99.0,99.0,99.0,99.0,99.0,99.0,99.0,99.0,98.0,Bulgaria,"52,395"," 7,085 "," 3,444 "," 3,641 ",14.0,9.0, 49 ,28.0," 991,900 "
26,West & Central Africa,BFA,Burkina Faso,DTP1,95.0,95.0,95.0,94.0,94.0,93.0,93.0,93.0,97.0,92.0,91.0,91.0,90.0,90.0,89.0,93.0,97.0,83.0,77.0,78.0,78.0,79.0,79.0,79.0,79.0,86.0,92.0,81.0,74.0,53.0,48.0,35.0,,,,,,Burkina Faso,"12,115"," 19,193 "," 9,572 "," 9,621 ",45.0,20.0, 31 ,4.0," 8,636,850 "
27,Eastern & Southern Africa,BDI,Burundi,DTP1,97.0,97.0,98.0,98.0,98.0,99.0,99.0,99.0,98.0,99.0,99.0,96.0,95.0,93.0,91.0,90.0,88.0,86.0,86.0,86.0,86.0,86.0,72.0,84.0,93.0,94.0,95.0,94.0,68.0,87.0,76.0,61.0,51.0,69.0,58.0,61.0,,Burundi,"3,007"," 10,864 "," 5,347 "," 5,518 ",45.0,19.0, 31 ,4.0," 4,888,800 "
28,West & Central Africa,CPV,Cabo Verde,DTP1,96.0,97.0,99.0,93.0,98.0,99.0,99.0,99.0,99.0,99.0,98.0,97.0,96.0,95.0,95.0,94.0,94.0,93.0,93.0,92.0,90.0,90.0,95.0,96.0,96.0,95.0,96.0,99.0,96.0,97.0,77.0,64.0,56.0,47.0,,,,Cabo Verde,"1,617", 546 , 272 , 274 ,30.0,21.0, 42 ,7.0," 163,800 "
29,East Asia & Pacific,KHM,Cambodia,DTP1,92.0,92.0,92.0,92.0,94.0,94.0,92.0,99.0,95.0,87.0,85.0,85.0,92.0,74.0,60.0,65.0,78.0,73.0,78.0,62.0,59.0,55.0,53.0,51.0,48.0,63.0,63.0,72.0,70.0,62.0,62.0,47.0,40.0,,,,,Cambodia,"20,017"," 16,005 "," 7,810 "," 8,196 ",31.0,20.0, 42 ,7.0," 4,961,550 "
30,West & Central Africa,CMR,Cameroon,DTP1,92.0,92.0,93.0,95.0,94.0,90.0,92.0,88.0,93.0,90.0,87.0,85.0,80.0,79.0,75.0,70.0,66.0,69.0,71.0,72.0,71.0,71.0,63.0,62.0,62.0,67.0,70.0,73.0,68.0,63.0,58.0,52.0,46.0,44.0,31.0,18.0,,Cameroon,"24,204"," 24,054 "," 12,038 "," 12,015 ",43.0,20.0, 33 ,5.0," 10,343,220 "
31,North America,CAN,Canada,DTP1,96.0,96.0,96.0,96.0,99.0,96.0,96.0,96.0,96.0,96.0,96.0,96.0,96.0,95.0,95.0,95.0,95.0,95.0,95.0,95.0,98.0,97.0,97.0,96.0,96.0,96.0,96.0,95.0,95.0,95.0,,,,,,,,Canada,"1,529,760"," 36,624 "," 18,172 "," 18,452 ",16.0,12.0, 48 ,23.0," 5,859,840 "
32,West & Central Africa,CAF,Central African Republic,DTP1,69.0,69.0,69.0,35.0,69.0,69.0,67.0,65.0,65.0,65.0,64.0,64.0,64.0,65.0,65.0,65.0,60.0,55.0,61.0,66.0,72.0,77.0,76.0,75.0,75.0,85.0,95.0,84.0,67.0,46.0,42.0,44.0,40.0,39.0,36.0,32.0,35.0,Central African Republic,"1,756"," 4,659 "," 2,298 "," 2,361 ",43.0,21.0, 30 ,5.0," 2,003,370 "
33,West & Central Africa,TCD,Chad,DTP1,60.0,60.0,60.0,58.0,57.0,55.0,55.0,45.0,47.0,50.0,58.0,46.0,35.0,45.0,45.0,44.0,45.0,45.0,47.0,48.0,44.0,41.0,41.0,35.0,31.0,41.0,44.0,44.0,36.0,36.0,31.0,21.0,21.0,18.0,,,,Chad,"9,601"," 14,900 "," 7,458 "," 7,442 ",47.0,20.0, 28 ,4.0," 7,003,000 "
34,Latin America & Caribbean,CHL,Chile,DTP1,99.0,97.0,99.0,92.0,90.0,98.0,93.0,94.0,96.0,98.0,95.0,92.0,94.0,98.0,98.0,99.0,98.0,97.0,97.0,96.0,97.0,97.0,97.0,96.0,96.0,97.0,98.0,98.0,98.0,97.0,96.0,99.0,99.0,96.0,99.0,99.0,97.0,Chile,"247,028"," 18,055 "," 8,944 "," 9,111 ",20.0,15.0, 49 ,16.0," 3,611,000 "
35,East Asia & Pacific,CHN,China,DTP1,99.0,99.0,99.0,99.0,99.0,99.0,99.0,99.0,99.0,99.0,99.0,95.0,95.0,95.0,95.0,95.0,94.0,94.0,94.0,94.0,94.0,93.0,95.0,96.0,97.0,97.0,98.0,98.0,98.0,91.0,92.0,92.0,90.0,80.0,,,,China,"11,199,145"," 1,409,517 "," 726,320 "," 683,197 ",18.0,12.0, 54 ,16.0," 253,713,060 "
36,Latin America & Caribbean,COL,Colombia,DTP1,93.0,93.0,91.0,97.0,91.0,95.0,96.0,97.0,97.0,97.0,97.0,97.0,90.0,94.0,93.0,82.0,91.0,95.0,95.0,94.0,95.0,95.0,95.0,94.0,92.0,94.0,96.0,92.0,90.0,80.0,72.0,82.0,82.0,67.0,51.0,44.0,39.0,Colombia,"282,463"," 49,066 "," 24,140 "," 24,925 ",23.0,17.0, 48 ,12.0," 11,285,180 "
37,Eastern & Southern Africa,COM,Comoros,DTP1,96.0,96.0,93.0,90.0,91.0,92.0,81.0,89.0,85.0,79.0,78.0,77.0,85.0,82.0,96.0,85.0,85.0,73.0,90.0,72.0,82.0,91.0,80.0,88.0,63.0,76.0,97.0,94.0,68.0,88.0,88.0,75.0,56.0,,,,,Comoros,617, 814 , 411 , 403 ,40.0,20.0, 36 ,5.0," 325,600 "
38,West & Central Africa,COG,Congo,DTP1,85.0,85.0,95.0,90.0,90.0,90.0,90.0,92.0,93.0,80.0,81.0,73.0,67.0,62.0,50.0,44.0,45.0,46.0,46.0,47.0,62.0,74.0,78.0,82.0,86.0,90.0,92.0,92.0,89.0,89.0,88.0,77.0,77.0,74.0,72.0,67.0,67.0,"Congo, Rep.","7,834"," 5,261 "," 2,632 "," 2,629 ",42.0,18.0, 34 ,5.0," 2,209,620 "
39,East Asia & Pacific,COK,Cook Islands,DTP1,99.0,99.0,99.0,98.0,98.0,98.0,99.0,99.0,99.0,99.0,99.0,99.0,99.0,96.0,99.0,97.0,99.0,98.0,98.0,97.0,91.0,97.0,95.0,99.0,95.0,95.0,97.0,96.0,97.0,94.0,95.0,92.0,72.0,80.0,75.0,71.0,65.0,,, 17 ,,,,,,, -   
40,Latin America & Caribbean,CRI,Costa Rica,DTP1,99.0,93.0,91.0,98.0,92.0,87.0,96.0,91.0,90.0,90.0,89.0,97.0,96.0,89.0,98.0,91.0,90.0,92.0,95.0,97.0,95.0,95.0,96.0,96.0,96.0,96.0,98.0,95.0,95.0,97.0,96.0,96.0,97.0,95.0,93.0,95.0,95.0,Costa Rica,"57,436"," 4,906 "," 2,454 "," 2,452 ",22.0,16.0, 49 ,14.0," 1,079,320 "
41,West & Central Africa,CIV,Côte d’Ivoire,DTP1,98.0,99.0,93.0,89.0,93.0,75.0,95.0,95.0,89.0,93.0,95.0,83.0,73.0,71.0,76.0,81.0,85.0,77.0,74.0,77.0,70.0,64.0,72.0,77.0,73.0,64.0,77.0,67.0,56.0,56.0,55.0,50.0,42.0,,,,,C™te d'Ivoire,"36,165",,,,,,,,
42,Eastern Europe & Central Asia,HRV,Croatia,DTP1,98.0,98.0,98.0,98.0,98.0,97.0,97.0,97.0,97.0,96.0,96.0,96.0,96.0,98.0,99.0,94.0,95.0,96.0,96.0,97.0,97.0,96.0,95.0,95.0,94.0,,,,,,,,,,,,,Croatia,"50,425"," 4,189 "," 2,019 "," 2,170 ",15.0,11.0, 47 ,27.0," 628,350 "
43,Latin America & Caribbean,CUB,Cuba,DTP1,99.0,99.0,99.0,99.0,99.0,99.0,96.0,98.0,96.0,97.0,98.0,99.0,89.0,90.0,99.0,99.0,98.0,95.0,99.0,99.0,96.0,99.0,99.0,99.0,97.0,99.0,97.0,98.0,98.0,95.0,99.0,97.0,95.0,99.0,99.0,87.0,86.0,Cuba,"87,133"," 11,485 "," 5,745 "," 5,740 ",16.0,12.0, 52 ,20.0," 1,837,600 "
44,Western Europe,CYP,Cyprus,DTP1,98.0,98.0,99.0,99.0,99.0,99.0,99.0,99.0,98.0,98.0,98.0,98.0,98.0,98.0,98.0,98.0,98.0,98.0,98.0,98.0,98.0,98.0,98.0,98.0,97.0,97.0,97.0,97.0,96.0,97.0,97.0,82.0,55.0,59.0,51.0,79.0,59.0,Cyprus,"19,802"," 1,180 ", 590 , 589 ,17.0,15.0, 50 ,18.0," 200,600 "
45,Western Europe,CZE,Czech Republic,DTP1,98.0,99.0,99.0,99.0,99.0,99.0,99.0,99.0,99.0,99.0,99.0,99.0,99.0,99.0,99.0,99.0,99.0,99.0,99.0,99.0,98.0,98.0,98.0,99.0,,,,,,,,,,,,,,Czech Republic,"192,925",,,,,,,,
46,East Asia & Pacific,PRK,Democratic People’s Republic of Korea,DTP1,97.0,97.0,94.0,94.0,97.0,95.0,94.0,94.0,93.0,93.0,91.0,83.0,75.0,70.0,65.0,63.0,61.0,58.0,56.0,54.0,74.0,84.0,91.0,96.0,96.0,98.0,98.0,98.0,95.0,95.0,82.0,78.0,86.0,76.0,75.0,76.0,74.0,"Korea, Dem. People's Rep.", .. ,,,,,,,,
47,West & Central Africa,COD,Democratic Republic of the Congo,DTP1,80.0,82.0,81.0,79.0,81.0,85.0,71.0,82.0,73.0,78.0,71.0,68.0,66.0,53.0,47.0,49.0,49.0,46.0,44.0,41.0,41.0,47.0,51.0,54.0,47.0,39.0,60.0,63.0,66.0,63.0,57.0,62.0,52.0,39.0,40.0,41.0,,"Congo, Dem. Rep.","34,999",,,,,,,,
48,Western Europe,DNK,Denmark,DTP1,97.0,96.0,96.0,97.0,97.0,94.0,93.0,90.0,89.0,87.0,93.0,93.0,95.0,98.0,99.0,97.0,98.0,99.0,99.0,97.0,94.0,97.0,96.0,97.0,98.0,98.0,98.0,98.0,97.0,97.0,97.0,99.0,95.0,96.0,97.0,97.0,97.0,Denmark,"306,143"," 5,734 "," 2,852 "," 2,882 ",16.0,13.0, 45 ,25.0," 917,440 "
49,Eastern & Southern Africa,DJI,Djibouti,DTP1,90.0,90.0,93.0,87.0,85.0,89.0,90.0,90.0,90.0,92.0,76.0,73.0,81.0,76.0,72.0,65.0,66.0,63.0,60.0,57.0,66.0,66.0,66.0,66.0,66.0,77.0,95.0,91.0,85.0,50.0,48.0,46.0,45.0,36.0,25.0,,,Djibouti,"1,727", 957 , 480 , 477 ,31.0,20.0, 42 ,6.0," 296,670 "
50,Latin America & Caribbean,DMA,Dominica,DTP1,99.0,99.0,99.0,98.0,98.0,99.0,99.0,99.0,96.0,98.0,98.0,99.0,99.0,99.0,99.0,99.0,99.0,99.0,99.0,97.0,99.0,99.0,99.0,99.0,99.0,98.0,97.0,97.0,98.0,98.0,97.0,97.0,94.0,97.0,99.0,98.0,84.0,Dominica,525, 74 ,,,,,,, -   
51,Latin America & Caribbean,DOM,Dominican Republic,DTP1,98.0,99.0,95.0,91.0,92.0,91.0,96.0,85.0,86.0,87.0,93.0,92.0,87.0,88.0,92.0,95.0,91.0,95.0,91.0,86.0,88.0,89.0,90.0,91.0,90.0,88.0,87.0,80.0,80.0,93.0,93.0,64.0,59.0,54.0,53.0,52.0,61.0,Dominican Republic,"71,584"," 10,767 "," 5,361 "," 5,406 ",29.0,18.0, 43 ,10.0," 3,122,430 "
52,Latin America & Caribbean,ECU,Ecuador,DTP1,94.0,80.0,84.0,87.0,88.0,89.0,91.0,98.0,98.0,98.0,96.0,96.0,95.0,95.0,95.0,95.0,94.0,93.0,94.0,93.0,94.0,94.0,94.0,95.0,95.0,81.0,87.0,78.0,77.0,75.0,69.0,66.0,72.0,56.0,60.0,51.0,31.0,Ecuador,"97,802"," 16,625 "," 8,309 "," 8,316 ",28.0,18.0, 43 ,10.0," 4,655,000 "
53,Middle East & North Africa,EGY,Egypt,DTP1,96.0,94.0,96.0,97.0,94.0,97.0,97.0,97.0,98.0,98.0,98.0,98.0,98.0,98.0,98.0,99.0,98.0,98.0,97.0,96.0,96.0,96.0,94.0,93.0,92.0,91.0,95.0,96.0,95.0,93.0,93.0,94.0,87.0,80.0,80.0,80.0,80.0,"Egypt, Arab Rep.","336,297"," 97,553 "," 49,325 "," 48,228 ",33.0,17.0, 42 ,8.0," 32,192,490 "
54,Latin America & Caribbean,SLV,El Salvador,DTP1,97.0,93.0,96.0,97.0,92.0,90.0,90.0,97.0,99.0,99.0,98.0,96.0,96.0,98.0,93.0,97.0,99.0,98.0,99.0,98.0,98.0,99.0,96.0,92.0,82.0,82.0,93.0,84.0,84.0,77.0,74.0,78.0,56.0,45.0,67.0,67.0,69.0,El Salvador,"26,797"," 6,378 "," 2,995 "," 3,383 ",27.0,20.0, 41 ,12.0," 1,722,060 "
55,West & Central Africa,GNQ,Equatorial Guinea,DTP1,40.0,28.0,59.0,49.0,56.0,59.0,59.0,60.0,60.0,61.0,61.0,62.0,62.0,63.0,63.0,64.0,64.0,65.0,94.0,94.0,94.0,94.0,94.0,94.0,95.0,96.0,96.0,72.0,42.0,31.0,21.0,21.0,,,,,,Equatorial Guinea,"10,179"," 1,268 ", 702 , 566 ,37.0,19.0, 40 ,4.0," 469,160 "
56,Eastern & Southern Africa,ERI,Eritrea,DTP1,97.0,98.0,97.0,97.0,97.0,99.0,96.0,96.0,98.0,95.0,97.0,99.0,99.0,97.0,94.0,91.0,88.0,97.0,90.0,83.0,75.0,68.0,61.0,49.0,,,,,,,,,,,,,,Eritrea, .. ," 5,069 "," 2,540 "," 2,529 ",42.0,19.0, 34 ,5.0," 2,128,980 "
57,Western Europe,EST,Estonia,DTP1,94.0,94.0,95.0,96.0,96.0,96.0,96.0,97.0,97.0,98.0,98.0,99.0,98.0,99.0,99.0,99.0,96.0,98.0,97.0,96.0,96.0,94.0,92.0,90.0,,,,,,,,,,,,,,Estonia,"23,137"," 1,310 ", 614 , 696 ,16.0,9.0, 48 ,26.0," 209,600 "
58,Eastern & Southern Africa,ETH,Ethiopia,DTP1,86.0,86.0,86.0,84.0,82.0,80.0,77.0,74.0,71.0,67.0,64.0,61.0,58.0,55.0,52.0,50.0,47.0,44.0,61.0,78.0,78.0,80.0,80.0,53.0,35.0,45.0,73.0,51.0,39.0,39.0,27.0,25.0,22.0,22.0,21.0,21.0,,Ethiopia,"72,374"," 104,957 "," 52,406 "," 52,551 ",41.0,22.0, 32 ,5.0," 43,032,370 "
59,East Asia & Pacific,FJI,Fiji,DTP1,99.0,99.0,99.0,99.0,99.0,99.0,99.0,99.0,99.0,99.0,99.0,99.0,99.0,98.0,98.0,97.0,97.0,96.0,96.0,95.0,98.0,98.0,98.0,98.0,98.0,99.0,98.0,98.0,98.0,96.0,88.0,87.0,91.0,93.0,84.0,88.0,87.0,Fiji,"4,632", 906 , 460 , 446 ,28.0,17.0, 45 ,10.0," 253,680 "
60,Western Europe,FIN,Finland,DTP1,99.0,99.0,99.0,99.0,99.0,99.0,99.0,99.0,99.0,99.0,99.0,99.0,98.0,98.0,99.0,99.0,99.0,99.0,99.0,99.0,99.0,99.0,99.0,99.0,99.0,98.0,96.0,96.0,99.0,98.0,98.0,98.0,98.0,97.0,97.0,97.0,97.0,Finland,"236,785"," 5,523 "," 2,722 "," 2,801 ",16.0,11.0, 44 ,28.0," 883,680 "
61,Western Europe,FRA,France,DTP1,99.0,99.0,99.0,99.0,99.0,99.0,99.0,99.0,99.0,99.0,99.0,99.0,99.0,99.0,99.0,99.0,99.0,99.0,99.0,99.0,98.0,98.0,98.0,97.0,97.0,97.0,97.0,98.0,92.0,96.0,98.0,98.0,97.0,96.0,95.0,92.0,92.0,France,"2,465,454"," 64,980 "," 31,949 "," 33,031 ",18.0,12.0, 44 ,26.0," 11,696,400 "
62,West & Central Africa,GAB,Gabon,DTP1,83.0,87.0,77.0,80.0,86.0,82.0,82.0,81.0,85.0,86.0,69.0,69.0,69.0,69.0,69.0,69.0,69.0,69.0,72.0,75.0,78.0,81.0,85.0,88.0,92.0,94.0,96.0,96.0,86.0,76.0,66.0,56.0,46.0,36.0,,,,Gabon,"14,214"," 2,025 "," 1,040 ", 985 ,36.0,18.0, 40 ,6.0," 729,000 "
63,West & Central Africa,GMB,Gambia,DTP1,99.0,99.0,98.0,99.0,99.0,99.0,99.0,98.0,96.0,98.0,98.0,95.0,96.0,97.0,96.0,97.0,97.0,97.0,98.0,98.0,99.0,99.0,99.0,99.0,97.0,96.0,98.0,96.0,96.0,95.0,93.0,90.0,91.0,88.0,91.0,87.0,89.0,"Gambia, The",965," 2,101 "," 1,040 "," 1,061 ",45.0,20.0, 31 ,4.0," 945,450 "
64,Eastern Europe & Central Asia,GEO,Georgia,DTP1,97.0,97.0,99.0,99.0,94.0,98.0,99.0,99.0,99.0,99.0,99.0,91.0,88.0,95.0,96.0,97.0,89.0,88.0,87.0,88.0,90.0,91.0,80.0,77.0,80.0,,,,,,,,,,,,,Georgia,"14,333"," 3,912 "," 1,868 "," 2,044 ",19.0,12.0, 48 ,21.0," 743,280 "
65,Western Europe,DEU,Germany,DTP1,95.0,95.0,95.0,95.0,95.0,95.0,95.0,98.0,98.0,98.0,98.0,98.0,98.0,99.0,95.0,95.0,95.0,99.0,95.0,95.0,94.0,92.0,90.0,83.0,95.0,93.0,93.0,93.0,93.0,93.0,96.0,93.0,97.0,97.0,98.0,98.0,,Germany,"3,466,757"," 82,114 "," 40,435 "," 41,679 ",13.0,10.0, 49 ,28.0," 10,674,820 "
66,West & Central Africa,GHA,Ghana,DTP1,94.0,97.0,99.0,94.0,92.0,94.0,96.0,96.0,96.0,96.0,87.0,88.0,88.0,87.0,84.0,81.0,96.0,86.0,87.0,88.0,88.0,88.0,88.0,86.0,83.0,82.0,80.0,75.0,72.0,67.0,60.0,46.0,42.0,47.0,47.0,46.0,27.0,Ghana,"42,690"," 28,834 "," 14,368 "," 14,466 ",39.0,20.0, 37 ,5.0," 11,245,260 "
67,Western Europe,GRC,Greece,DTP1,99.0,99.0,99.0,99.0,99.0,99.0,99.0,99.0,99.0,99.0,99.0,96.0,96.0,96.0,96.0,96.0,96.0,96.0,96.0,96.0,96.0,96.0,96.0,96.0,96.0,95.0,77.0,77.0,94.0,94.0,93.0,77.0,82.0,89.0,94.0,98.0,89.0,Greece,"194,559"," 11,160 "," 5,493 "," 5,667 ",14.0,10.0, 49 ,26.0," 1,562,400 "
68,Latin America & Caribbean,GRD,Grenada,DTP1,98.0,94.0,97.0,99.0,99.0,98.0,99.0,99.0,99.0,98.0,97.0,99.0,87.0,99.0,99.0,98.0,99.0,96.0,99.0,98.0,93.0,98.0,97.0,96.0,96.0,95.0,93.0,95.0,85.0,93.0,98.0,82.0,91.0,87.0,79.0,68.0,50.0,Grenada,"1,016", 108 , 54 , 54 ,26.0,17.0, 46 ,11.0," 28,080 "
69,Latin America & Caribbean,GTM,Guatemala,DTP1,96.0,99.0,89.0,97.0,96.0,94.0,96.0,94.0,99.0,88.0,95.0,97.0,98.0,96.0,93.0,93.0,94.0,91.0,94.0,90.0,86.0,91.0,88.0,91.0,86.0,84.0,86.0,74.0,72.0,39.0,62.0,45.0,72.0,69.0,70.0,67.0,68.0,Guatemala,"68,763"," 16,914 "," 8,324 "," 8,589 ",35.0,21.0, 37 ,7.0," 5,919,900 "
70,West & Central Africa,GIN,Guinea,DTP1,65.0,63.0,60.0,76.0,76.0,76.0,86.0,76.0,64.0,76.0,75.0,75.0,75.0,71.0,68.0,64.0,61.0,57.0,72.0,72.0,72.0,77.0,77.0,77.0,76.0,61.0,40.0,40.0,39.0,37.0,37.0,37.0,37.0,37.0,37.0,,,Guinea,"6,299"," 12,717 "," 6,376 "," 6,341 ",42.0,20.0, 33 ,5.0," 5,341,140 "
71,West & Central Africa,GNB,Guinea-Bissau,DTP1,95.0,95.0,95.0,95.0,95.0,95.0,94.0,92.0,91.0,89.0,88.0,86.0,84.0,81.0,79.0,76.0,73.0,69.0,76.0,83.0,77.0,70.0,90.0,89.0,86.0,84.0,82.0,86.0,95.0,87.0,88.0,57.0,57.0,45.0,,,,Guinea-Bissau,"1,126"," 1,861 ", 916 , 945 ,41.0,20.0, 34 ,5.0," 763,010 "
72,Latin America & Caribbean,GUY,Guyana,DTP1,97.0,96.0,99.0,98.0,99.0,97.0,99.0,99.0,94.0,96.0,95.0,93.0,97.0,93.0,96.0,98.0,97.0,97.0,97.0,96.0,94.0,95.0,96.0,97.0,92.0,93.0,94.0,91.0,84.0,86.0,84.0,91.0,88.0,79.0,77.0,70.0,60.0,Guyana,"3,446", 778 , 393 , 385 ,29.0,21.0, 42 ,9.0," 225,620 "
73,Latin America & Caribbean,HTI,Haiti,DTP1,78.0,80.0,72.0,86.0,87.0,88.0,87.0,86.0,86.0,85.0,84.0,83.0,81.0,79.0,77.0,75.0,73.0,71.0,69.0,66.0,75.0,75.0,75.0,73.0,72.0,70.0,66.0,74.0,72.0,53.0,48.0,42.0,36.0,29.0,35.0,36.0,21.0,Haiti,"8,023"," 10,981 "," 5,430 "," 5,551 ",33.0,20.0, 40 ,7.0," 3,623,730 "
74,Latin America & Caribbean,HND,Honduras,DTP1,99.0,99.0,99.0,99.0,99.0,99.0,99.0,99.0,96.0,94.0,95.0,99.0,98.0,97.0,98.0,98.0,98.0,98.0,99.0,96.0,97.0,97.0,97.0,97.0,97.0,97.0,94.0,95.0,90.0,80.0,83.0,80.0,66.0,76.0,71.0,59.0,53.0,Honduras,"21,517"," 9,265 "," 4,620 "," 4,645 ",32.0,21.0, 41 ,7.0," 2,964,800 "
75,Western Europe,HUN,Hungary,DTP1,99.0,99.0,99.0,99.0,99.0,99.0,99.0,99.0,99.0,99.0,99.0,99.0,99.0,99.0,99.0,99.0,99.0,99.0,99.0,99.0,99.0,99.0,99.0,99.0,99.0,99.0,99.0,99.0,99.0,99.0,99.0,99.0,99.0,99.0,99.0,99.0,99.0,Hungary,"124,343"," 9,722 "," 4,625 "," 5,097 ",14.0,11.0, 49 ,26.0," 1,361,080 "
76,Western Europe,ISL,Iceland,DTP1,96.0,96.0,96.0,97.0,97.0,99.0,98.0,99.0,99.0,97.0,97.0,95.0,99.0,97.0,96.0,95.0,99.0,99.0,99.0,99.0,99.0,99.0,99.0,99.0,99.0,99.0,99.0,99.0,99.0,99.0,99.0,99.0,99.0,97.0,98.0,99.0,99.0,Iceland,"20,047", 335 , 168 , 167 ,20.0,14.0, 46 ,20.0," 67,000 "
77,South Asia,IND,India,DTP1,91.0,90.0,90.0,90.0,89.0,89.0,86.0,84.0,81.0,81.0,81.0,82.0,77.0,76.0,75.0,75.0,74.0,74.0,78.0,82.0,86.0,88.0,86.0,82.0,79.0,80.0,88.0,74.0,65.0,55.0,44.0,41.0,39.0,36.0,33.0,25.0,25.0,India,"2,263,523"," 1,339,180 "," 693,959 "," 645,221 ",28.0,18.0, 45 ,9.0," 374,970,400 "
78,East Asia & Pacific,IDN,Indonesia,DTP1,95.0,95.0,95.0,96.0,97.0,98.0,97.0,94.0,92.0,87.0,86.0,85.0,84.0,84.0,83.0,82.0,84.0,86.0,88.0,90.0,89.0,87.0,87.0,86.0,84.0,83.0,82.0,80.0,77.0,74.0,72.0,52.0,35.0,25.0,18.0,18.0,,Indonesia,"932,259"," 263,991 "," 132,898 "," 131,093 ",27.0,17.0, 47 ,9.0," 71,277,570 "
79,Middle East & North Africa,IRN,Iran (Islamic Republic of),DTP1,99.0,99.0,99.0,98.0,99.0,99.0,99.0,99.0,99.0,99.0,98.0,97.0,99.0,99.0,99.0,96.0,99.0,99.0,99.0,99.0,99.0,98.0,98.0,99.0,98.0,96.0,97.0,94.0,96.0,80.0,80.0,75.0,58.0,58.0,66.0,54.0,57.0,"Iran, Islamic Rep.","393,436"," 81,163 "," 40,816 "," 40,347 ",24.0,14.0, 53 ,9.0," 19,479,120 "
80,Middle East & North Africa,IRQ,Iraq,DTP1,73.0,73.0,77.0,82.0,87.0,90.0,86.0,88.0,81.0,68.0,76.0,84.0,86.0,87.0,89.0,90.0,92.0,93.0,79.0,89.0,88.0,86.0,84.0,82.0,86.0,90.0,93.0,97.0,98.0,98.0,98.0,98.0,81.0,39.0,41.0,35.0,36.0,Iraq,"171,489"," 38,275 "," 19,376 "," 18,899 ",40.0,20.0, 35 ,5.0," 15,310,000 "
81,Western Europe,IRL,Ireland,DTP1,98.0,98.0,98.0,98.0,98.0,98.0,98.0,98.0,97.0,97.0,97.0,96.0,96.0,95.0,94.0,94.0,95.0,95.0,94.0,90.0,90.0,90.0,88.0,88.0,87.0,86.0,85.0,85.0,68.0,69.0,69.0,70.0,70.0,67.0,68.0,61.0,59.0,Ireland,"294,054"," 4,762 "," 2,362 "," 2,400 ",22.0,11.0, 48 ,19.0," 1,047,640 "
82,Middle East & North Africa,ISR,Israel,DTP1,94.0,95.0,95.0,96.0,94.0,94.0,95.0,96.0,94.0,95.0,95.0,93.0,95.0,95.0,95.0,95.0,95.0,95.0,95.0,95.0,97.0,98.0,98.0,98.0,98.0,97.0,97.0,97.0,97.0,97.0,97.0,95.0,95.0,96.0,97.0,97.0,94.0,Israel,"318,744"," 8,322 "," 4,133 "," 4,188 ",28.0,15.0, 41 ,16.0," 2,330,160 "
83,Western Europe,ITA,Italy,DTP1,97.0,97.0,98.0,98.0,99.0,98.0,98.0,98.0,98.0,99.0,98.0,98.0,98.0,98.0,97.0,97.0,95.0,98.0,98.0,98.0,98.0,98.0,98.0,98.0,98.0,98.0,94.0,,,,,,,,,,,Italy,"1,849,970"," 59,360 "," 28,929 "," 30,431 ",14.0,10.0, 48 ,29.0," 8,310,400 "
84,Latin America & Caribbean,JAM,Jamaica,DTP1,99.0,97.0,97.0,97.0,98.0,94.0,98.0,91.0,97.0,97.0,96.0,99.0,99.0,98.0,99.0,99.0,97.0,96.0,92.0,96.0,97.0,96.0,97.0,97.0,95.0,95.0,95.0,95.0,94.0,93.0,90.0,82.0,80.0,75.0,59.0,64.0,48.0,Jamaica,"14,027"," 2,890 "," 1,438 "," 1,452 ",23.0,18.0, 45 ,14.0," 664,700 "
85,East Asia & Pacific,JPN,Japan,DTP1,99.0,98.0,98.0,98.0,99.0,99.0,99.0,99.0,99.0,99.0,99.0,99.0,99.0,99.0,98.0,98.0,88.0,88.0,88.0,88.0,99.0,90.0,93.0,95.0,95.0,97.0,96.0,95.0,95.0,95.0,94.0,94.0,94.0,93.0,93.0,91.0,82.0,Japan,"4,939,384"," 127,484 "," 62,256 "," 65,228 ",13.0,9.0, 44 ,33.0," 16,572,920 "
86,Middle East & North Africa,JOR,Jordan,DTP1,99.0,99.0,98.0,99.0,98.0,98.0,98.0,98.0,98.0,99.0,99.0,98.0,96.0,98.0,96.0,99.0,91.0,86.0,99.0,99.0,99.0,99.0,95.0,93.0,97.0,97.0,97.0,97.0,97.0,96.0,96.0,95.0,93.0,91.0,91.0,93.0,55.0,Jordan,"38,655"," 9,702 "," 4,913 "," 4,789 ",36.0,19.0, 40 ,6.0," 3,492,720 "
87,Eastern Europe & Central Asia,KAZ,Kazakhstan,DTP1,93.0,99.0,96.0,99.0,99.0,99.0,99.0,98.0,99.0,97.0,99.0,99.0,85.0,99.0,96.0,96.0,98.0,98.0,99.0,98.0,98.0,97.0,91.0,91.0,93.0,,,,,,,,,,,,,Kazakhstan,"133,657"," 18,204 "," 8,817 "," 9,388 ",28.0,13.0, 48 ,11.0," 5,097,120 "
88,Eastern & Southern Africa,KEN,Kenya,DTP1,96.0,96.0,97.0,95.0,98.0,98.0,93.0,92.0,90.0,89.0,90.0,85.0,87.0,89.0,90.0,84.0,83.0,89.0,93.0,96.0,96.0,96.0,96.0,96.0,96.0,92.0,92.0,92.0,92.0,91.0,89.0,88.0,80.0,,,,,Kenya,"70,529"," 49,700 "," 24,701 "," 24,999 ",40.0,20.0, 35 ,4.0," 19,880,000 "
89,East Asia & Pacific,KIR,Kiribati,DTP1,82.0,81.0,83.0,95.0,94.0,99.0,97.0,90.0,97.0,99.0,98.0,93.0,75.0,78.0,82.0,85.0,95.0,96.0,96.0,97.0,92.0,82.0,88.0,99.0,95.0,88.0,98.0,92.0,84.0,61.0,62.0,62.0,41.0,65.0,77.0,54.0,68.0,Kiribati,166, 116 , 57 , 59 ,35.0,19.0, 40 ,6.0," 40,600 "
90,Middle East & North Africa,KWT,Kuwait,DTP1,99.0,99.0,97.0,99.0,99.0,99.0,98.0,99.0,99.0,99.0,99.0,99.0,99.0,99.0,99.0,99.0,98.0,97.0,98.0,98.0,99.0,99.0,99.0,98.0,96.0,93.0,88.0,97.0,97.0,97.0,97.0,96.0,96.0,96.0,94.0,92.0,86.0,Kuwait,"114,041"," 4,137 "," 2,375 "," 1,761 ",21.0,12.0, 62 ,5.0," 868,770 "
91,Eastern Europe & Central Asia,KGZ,Kyrgyzstan,DTP1,97.0,99.0,96.0,98.0,96.0,97.0,99.0,98.0,99.0,98.0,96.0,98.0,99.0,99.0,99.0,99.0,99.0,99.0,98.0,98.0,98.0,97.0,94.0,84.0,94.0,,,,,,,,,,,,,Kyrgyz Republic,"6,551"," 6,045 "," 2,998 "," 3,048 ",32.0,17.0, 44 ,8.0," 1,934,400 "
92,East Asia & Pacific,LAO,Lao People’s Democratic Republic,DTP1,85.0,93.0,94.0,89.0,87.0,83.0,81.0,76.0,73.0,59.0,68.0,68.0,66.0,72.0,64.0,59.0,83.0,83.0,82.0,82.0,80.0,77.0,72.0,50.0,47.0,46.0,41.0,45.0,40.0,31.0,24.0,22.0,24.0,27.0,27.0,27.0,,Lao PDR,"15,903",,,,,,,,
93,Western Europe,LVA,Latvia,DTP1,99.0,98.0,93.0,96.0,92.0,95.0,99.0,98.0,94.0,98.0,98.0,99.0,99.0,98.0,99.0,99.0,99.0,98.0,99.0,99.0,99.0,99.0,99.0,97.0,95.0,,,,,,,,,,,,,Latvia,"27,677"," 1,950 ", 895 ," 1,054 ",15.0,10.0, 49 ,26.0," 292,500 "
94,Middle East & North Africa,LBN,Lebanon,DTP1,84.0,84.0,84.0,84.0,84.0,84.0,84.0,84.0,84.0,84.0,84.0,83.0,83.0,83.0,85.0,88.0,90.0,92.0,95.0,97.0,97.0,97.0,97.0,97.0,96.0,95.0,94.0,92.0,84.0,71.0,55.0,40.0,22.0,22.0,22.0,20.0,17.0,Lebanon,"47,537"," 6,082 "," 3,051 "," 3,031 ",23.0,19.0, 46 ,12.0," 1,398,860 "
95,Eastern & Southern Africa,LSO,Lesotho,DTP1,98.0,98.0,98.0,98.0,98.0,97.0,97.0,96.0,96.0,96.0,96.0,95.0,95.0,95.0,89.0,83.0,87.0,90.0,92.0,93.0,94.0,95.0,94.0,94.0,93.0,92.0,91.0,91.0,90.0,89.0,91.0,92.0,88.0,83.0,79.0,75.0,75.0,Lesotho,"2,200"," 2,233 "," 1,084 "," 1,149 ",35.0,22.0, 36 ,7.0," 781,550 "
96,West & Central Africa,LBR,Liberia,DTP1,99.0,77.0,74.0,97.0,92.0,86.0,80.0,90.0,85.0,80.0,75.0,75.0,65.0,69.0,73.0,76.0,80.0,84.0,,,,,,,,,,,,,,,,,,,,Liberia,"2,101"," 4,732 "," 2,387 "," 2,345 ",42.0,20.0, 34 ,5.0," 1,987,440 "
97,Middle East & North Africa,LBY,Libya,DTP1,98.0,98.0,96.0,98.0,99.0,99.0,98.0,98.0,98.0,98.0,98.0,98.0,99.0,99.0,97.0,96.0,97.0,97.0,98.0,98.0,98.0,98.0,98.0,98.0,96.0,95.0,94.0,95.0,94.0,94.0,94.0,93.0,93.0,92.0,89.0,86.0,82.0,Libya, .. ," 6,375 "," 3,213 "," 3,161 ",28.0,17.0, 48 ,7.0," 1,785,000 "
98,Western Europe,LTU,Lithuania,DTP1,97.0,97.0,97.0,97.0,97.0,95.0,98.0,98.0,96.0,99.0,98.0,98.0,94.0,98.0,98.0,98.0,99.0,98.0,97.0,96.0,97.0,96.0,94.0,94.0,92.0,,,,,,,,,,,,,Lithuania,"42,739"," 2,890 "," 1,332 "," 1,559 ",15.0,12.0, 48 ,25.0," 433,500 "
99,Western Europe,LUX,Luxembourg,DTP1,99.0,99.0,99.0,99.0,99.0,99.0,99.0,99.0,99.0,99.0,99.0,99.0,99.0,99.0,99.0,99.0,99.0,98.0,98.0,98.0,98.0,98.0,98.0,97.0,97.0,97.0,96.0,96.0,96.0,98.0,95.0,91.0,87.0,91.0,,,,Luxembourg,"59,948", 583 , 293 , 290 ,16.0,12.0, 52 ,20.0," 93,280 "
100,Eastern & Southern Africa,MDG,Madagascar,DTP1,84.0,79.0,83.0,80.0,80.0,80.0,78.0,80.0,84.0,92.0,93.0,88.0,82.0,79.0,76.0,75.0,74.0,73.0,73.0,73.0,73.0,80.0,86.0,86.0,85.0,77.0,71.0,70.0,67.0,60.0,55.0,47.0,42.0,47.0,37.0,,,Madagascar,"9,991"," 25,571 "," 12,752 "," 12,819 ",41.0,21.0, 34 ,5.0," 10,484,110 "
101,Eastern & Southern Africa,MWI,Malawi,DTP1,89.0,93.0,97.0,96.0,99.0,98.0,97.0,97.0,97.0,96.0,99.0,99.0,99.0,99.0,94.0,99.0,98.0,98.0,98.0,98.0,96.0,96.0,94.0,97.0,95.0,95.0,95.0,95.0,94.0,92.0,80.0,78.0,80.0,84.0,84.0,86.0,80.0,Malawi,"5,442"," 18,622 "," 9,225 "," 9,397 ",44.0,21.0, 31 ,4.0," 8,193,680 "
102,East Asia & Pacific,MYS,Malaysia,DTP1,99.0,99.0,99.0,99.0,99.0,98.0,98.0,99.0,99.0,99.0,98.0,98.0,98.0,98.0,98.0,98.0,99.0,99.0,99.0,98.0,98.0,98.0,95.0,91.0,92.0,93.0,95.0,92.0,76.0,78.0,73.0,68.0,67.0,71.0,90.0,86.0,86.0,Malaysia,"296,359"," 31,624 "," 16,325 "," 15,299 ",24.0,19.0, 47 ,10.0," 7,589,760 "
103,South Asia,MDV,Maldives,DTP1,99.0,99.0,99.0,99.0,99.0,97.0,97.0,99.0,99.0,99.0,98.0,99.0,98.0,98.0,98.0,99.0,98.0,99.0,98.0,98.0,98.0,99.0,98.0,93.0,99.0,98.0,97.0,97.0,95.0,67.0,67.0,53.0,48.0,35.0,18.0,18.0,22.0,Maldives,"3,591", 436 , 248 , 188 ,23.0,16.0, 54 ,6.0," 100,280 "
104,West & Central Africa,MLI,Mali,DTP1,86.0,82.0,92.0,85.0,81.0,80.0,81.0,82.0,85.0,86.0,86.0,87.0,86.0,85.0,82.0,76.0,61.0,67.0,73.0,79.0,77.0,73.0,64.0,71.0,63.0,59.0,67.0,51.0,41.0,28.0,28.0,28.0,,,,,,Mali,"14,045"," 18,542 "," 9,279 "," 9,263 ",48.0,19.0, 29 ,4.0," 8,900,160 "
105,Western Europe,MLT,Malta,DTP1,97.0,98.0,99.0,99.0,99.0,99.0,97.0,91.0,88.0,84.0,85.0,94.0,92.0,96.0,95.0,98.0,97.0,97.0,97.0,97.0,97.0,97.0,96.0,94.0,94.0,95.0,84.0,72.0,95.0,95.0,95.0,62.0,74.0,,,,,Malta,"10,949", 431 , 216 , 214 ,14.0,12.0, 48 ,26.0," 60,340 "
106,East Asia & Pacific,MHL,Marshall Islands,DTP1,87.0,95.0,97.0,97.0,97.0,99.0,99.0,99.0,99.0,99.0,90.0,89.0,71.0,90.0,90.0,99.0,64.0,85.0,95.0,92.0,92.0,88.0,86.0,79.0,94.0,88.0,97.0,97.0,97.0,,,,,,,,,Marshall Islands,183, 53 ,,,,,,, -   
107,West & Central Africa,MRT,Mauritania,DTP1,87.0,87.0,88.0,95.0,95.0,91.0,82.0,79.0,88.0,92.0,85.0,85.0,83.0,91.0,96.0,76.0,73.0,70.0,56.0,69.0,89.0,93.0,88.0,82.0,76.0,65.0,69.0,63.0,62.0,55.0,57.0,52.0,45.0,44.0,44.0,41.0,,Mauritania,"4,635"," 4,420 "," 2,228 "," 2,192 ",40.0,19.0, 36 ,5.0," 1,768,000 "
108,Eastern & Southern Africa,MUS,Mauritius,DTP1,97.0,98.0,97.0,99.0,99.0,99.0,99.0,99.0,99.0,97.0,99.0,99.0,98.0,99.0,96.0,92.0,88.0,91.0,93.0,96.0,96.0,97.0,96.0,96.0,96.0,97.0,95.0,95.0,95.0,94.0,95.0,96.0,95.0,96.0,97.0,94.0,96.0,Mauritius,"12,164"," 1,265 ", 626 , 639 ,18.0,15.0, 50 ,17.0," 227,700 "
109,Latin America & Caribbean,MEX,Mexico,DTP1,99.0,99.0,95.0,90.0,99.0,99.0,96.0,98.0,98.0,99.0,99.0,99.0,99.0,99.0,99.0,99.0,99.0,99.0,98.0,98.0,98.0,97.0,97.0,94.0,96.0,96.0,77.0,85.0,82.0,83.0,75.0,65.0,76.0,66.0,65.0,68.0,69.0,Mexico,"1,045,998"," 129,163 "," 64,312 "," 64,851 ",27.0,18.0, 45 ,10.0," 34,874,010 "
110,East Asia & Pacific,FSM,Micronesia (Federated States of ),DTP1,95.0,95.0,97.0,98.0,97.0,96.0,90.0,97.0,87.0,86.0,83.0,98.0,81.0,97.0,87.0,90.0,92.0,92.0,91.0,91.0,92.0,94.0,93.0,92.0,97.0,92.0,95.0,98.0,95.0,80.0,,,,,,,,"Micronesia, Fed. Sts.",322,,,,,,,,
111,Western Europe,MCO,Monaco,DTP1,99.0,99.0,99.0,99.0,99.0,99.0,99.0,99.0,99.0,99.0,99.0,99.0,99.0,99.0,99.0,99.0,99.0,99.0,99.0,99.0,99.0,99.0,99.0,99.0,98.0,98.0,99.0,99.0,99.0,,,,,,,,,Monaco, .. , 39 ,,,,,,, -   
112,East Asia & Pacific,MNG,Mongolia,DTP1,99.0,99.0,99.0,98.0,99.0,99.0,98.0,95.0,98.0,95.0,99.0,99.0,99.0,98.0,99.0,95.0,95.0,95.0,96.0,97.0,96.0,96.0,92.0,93.0,93.0,93.0,94.0,94.0,94.0,93.0,93.0,93.0,91.0,92.0,92.0,92.0,91.0,Mongolia,"11,160"," 3,076 "," 1,521 "," 1,554 ",30.0,15.0, 49 ,7.0," 922,800 "
113,Eastern Europe & Central Asia,MNE,Montenegro,DTP1,97.0,96.0,97.0,98.0,98.0,98.0,97.0,96.0,98.0,98.0,95.0,,,,,,,,,,,,,,,,,,,,,,,,,,,Montenegro,"4,173", 629 , 310 , 319 ,18.0,13.0, 47 ,21.0," 113,220 "
114,Middle East & North Africa,MAR,Morocco,DTP1,99.0,99.0,99.0,99.0,99.0,99.0,99.0,99.0,99.0,98.0,99.0,99.0,99.0,94.0,98.0,97.0,98.0,93.0,99.0,99.0,91.0,94.0,92.0,90.0,95.0,93.0,93.0,93.0,94.0,95.0,84.0,75.0,70.0,66.0,57.0,,,Morocco,"101,445"," 35,740 "," 17,701 "," 18,039 ",27.0,17.0, 45 ,11.0," 9,649,800 "
115,Eastern & Southern Africa,MOZ,Mozambique,DTP1,90.0,90.0,92.0,93.0,91.0,91.0,91.0,89.0,87.0,85.0,86.0,87.0,88.0,89.0,88.0,86.0,84.0,82.0,80.0,78.0,76.0,75.0,74.0,73.0,74.0,71.0,71.0,72.0,63.0,64.0,57.0,54.0,57.0,63.0,68.0,79.0,,Mozambique,"11,015"," 29,669 "," 14,490 "," 15,179 ",45.0,20.0, 30 ,5.0," 13,351,050 "
116,East Asia & Pacific,MMR,Myanmar,DTP1,94.0,94.0,92.0,90.0,89.0,88.0,93.0,93.0,88.0,89.0,86.0,76.0,86.0,80.0,81.0,81.0,87.0,87.0,92.0,96.0,96.0,94.0,91.0,96.0,95.0,94.0,96.0,74.0,53.0,47.0,44.0,39.0,33.0,32.0,29.0,24.0,22.0,Myanmar,"67,430"," 53,371 "," 26,068 "," 27,303 ",27.0,18.0, 46 ,9.0," 14,410,170 "
117,Eastern & Southern Africa,NAM,Namibia,DTP1,98.0,98.0,92.0,94.0,89.0,88.0,87.0,87.0,88.0,88.0,91.0,93.0,88.0,87.0,86.0,88.0,90.0,90.0,88.0,86.0,88.0,90.0,92.0,90.0,88.0,87.0,,,,,,,,,,,,Namibia,"10,267"," 2,534 "," 1,233 "," 1,301 ",37.0,21.0, 37 ,5.0," 937,580 "
118,East Asia & Pacific,NRU,Nauru,DTP1,98.0,98.0,99.0,99.0,98.0,99.0,99.0,99.0,99.0,99.0,98.0,90.0,93.0,97.0,99.0,98.0,85.0,81.0,78.0,74.0,77.0,79.0,82.0,84.0,86.0,88.0,90.0,91.0,86.0,78.0,82.0,86.0,86.0,,,,,Nauru,102, 11 ,,,,,,, -   
119,South Asia,NPL,Nepal,DTP1,92.0,94.0,94.0,94.0,90.0,96.0,85.0,94.0,84.0,85.0,93.0,81.0,88.0,82.0,84.0,84.0,84.0,91.0,92.0,92.0,85.0,77.0,77.0,75.0,73.0,71.0,68.0,69.0,70.0,71.0,63.0,57.0,52.0,47.0,41.0,39.0,28.0,Nepal,"21,144"," 29,305 "," 14,226 "," 15,079 ",31.0,21.0, 39 ,9.0," 9,084,550 "
120,Western Europe,NLD,Netherlands,DTP1,98.0,98.0,98.0,99.0,99.0,99.0,99.0,99.0,99.0,99.0,98.0,98.0,99.0,99.0,99.0,99.0,99.0,99.0,99.0,99.0,98.0,98.0,98.0,98.0,98.0,98.0,98.0,98.0,98.0,98.0,98.0,98.0,98.0,98.0,98.0,98.0,98.0,Netherlands,"770,845"," 17,036 "," 8,476 "," 8,560 ",16.0,12.0, 46 ,25.0," 2,725,760 "
121,East Asia & Pacific,NZL,New Zealand,DTP1,92.0,93.0,93.0,93.0,94.0,95.0,95.0,94.0,91.0,91.0,92.0,92.0,91.0,91.0,90.0,96.0,96.0,91.0,93.0,95.0,96.0,96.0,94.0,94.0,93.0,93.0,96.0,93.0,87.0,86.0,88.0,89.0,94.0,90.0,90.0,89.0,91.0,New Zealand,"185,017"," 4,706 "," 2,314 "," 2,392 ",20.0,14.0, 46 ,21.0," 941,200 "
122,Latin America & Caribbean,NIC,Nicaragua,DTP1,99.0,99.0,99.0,99.0,99.0,99.0,99.0,99.0,99.0,94.0,94.0,92.0,80.0,86.0,88.0,92.0,97.0,96.0,94.0,93.0,93.0,93.0,93.0,93.0,93.0,91.0,88.0,87.0,72.0,75.0,70.0,64.0,58.0,48.0,52.0,47.0,39.0,Nicaragua,"13,231"," 6,218 "," 3,065 "," 3,152 ",29.0,19.0, 44 ,8.0," 1,803,220 "
123,West & Central Africa,NER,Niger,DTP1,87.0,85.0,89.0,87.0,87.0,86.0,83.0,81.0,76.0,68.0,63.0,58.0,56.0,53.0,51.0,48.0,46.0,43.0,44.0,45.0,44.0,42.0,41.0,39.0,38.0,36.0,46.0,35.0,29.0,27.0,24.0,22.0,24.0,24.0,25.0,25.0,,Niger,"7,509"," 21,477 "," 10,770 "," 10,708 ",50.0,19.0, 27 ,4.0," 10,738,500 "
124,West & Central Africa,NGA,Nigeria,DTP1,64.0,64.0,64.0,58.0,51.0,56.0,60.0,73.0,63.0,52.0,49.0,48.0,46.0,45.0,43.0,42.0,42.0,41.0,48.0,70.0,51.0,59.0,69.0,54.0,68.0,64.0,79.0,72.0,61.0,54.0,46.0,39.0,29.0,,,,,Nigeria,"405,083"," 190,886 "," 96,729 "," 94,157 ",44.0,19.0, 32 ,4.0," 83,989,840 "
125,East Asia & Pacific,NIU,Niue,DTP1,99.0,99.0,99.0,99.0,99.0,99.0,99.0,99.0,99.0,98.0,99.0,94.0,99.0,99.0,99.0,99.0,99.0,99.0,99.0,99.0,99.0,99.0,99.0,99.0,99.0,99.0,99.0,99.0,99.0,99.0,93.0,83.0,68.0,56.0,44.0,28.0,27.0,,, 2 ,,,,,,, -   
126,Western Europe,NOR,Norway,DTP1,99.0,99.0,99.0,99.0,99.0,99.0,99.0,99.0,99.0,99.0,99.0,99.0,99.0,99.0,99.0,99.0,99.0,99.0,99.0,99.0,98.0,98.0,97.0,97.0,98.0,98.0,95.0,94.0,94.0,93.0,94.0,95.0,96.0,96.0,,,,Norway,"370,557"," 5,305 "," 2,677 "," 2,629 ",18.0,13.0, 47 ,22.0," 954,900 "
127,Middle East & North Africa,OMN,Oman,DTP1,99.0,99.0,99.0,99.0,99.0,99.0,99.0,99.0,99.0,99.0,98.0,99.0,99.0,99.0,99.0,99.0,99.0,99.0,99.0,99.0,99.0,99.0,98.0,98.0,99.0,98.0,98.0,98.0,96.0,96.0,94.0,82.0,70.0,56.0,48.0,42.0,41.0,Oman,"66,293"," 4,636 "," 3,053 "," 1,584 ",22.0,15.0, 60 ,4.0," 1,019,920 "
128,South Asia,PAK,Pakistan,DTP1,79.0,79.0,79.0,79.0,79.0,84.0,88.0,88.0,84.0,89.0,89.0,81.0,75.0,77.0,77.0,75.0,72.0,70.0,67.0,65.0,62.0,73.0,64.0,62.0,67.0,74.0,77.0,65.0,63.0,61.0,59.0,55.0,47.0,37.0,24.0,21.0,20.0,Pakistan,"283,660"," 197,016 "," 101,199 "," 95,817 ",35.0,19.0, 39 ,7.0," 68,955,600 "
129,East Asia & Pacific,PLW,Palau,DTP1,99.0,99.0,99.0,99.0,99.0,99.0,99.0,99.0,99.0,99.0,98.0,98.0,99.0,99.0,99.0,98.0,98.0,96.0,96.0,97.0,98.0,99.0,86.0,96.0,97.0,98.0,99.0,92.0,99.0,93.0,98.0,,,,,,,Palau,293, 22 ,,,,,,, -   
130,Latin America & Caribbean,PAN,Panama,DTP1,96.0,96.0,96.0,93.0,99.0,98.0,96.0,95.0,93.0,97.0,96.0,95.0,98.0,99.0,99.0,99.0,99.0,96.0,99.0,98.0,97.0,95.0,94.0,94.0,91.0,94.0,95.0,88.0,91.0,89.0,88.0,90.0,81.0,82.0,82.0,92.0,72.0,Panama,"55,188"," 4,099 "," 2,054 "," 2,045 ",27.0,17.0, 45 ,11.0," 1,106,730 "
131,East Asia & Pacific,PNG,Papua New Guinea,DTP1,87.0,83.0,87.0,88.0,85.0,83.0,80.0,80.0,70.0,76.0,85.0,80.0,81.0,88.0,81.0,77.0,84.0,82.0,85.0,87.0,80.0,97.0,91.0,93.0,82.0,93.0,97.0,77.0,72.0,69.0,69.0,65.0,59.0,52.0,54.0,57.0,57.0,Papua New Guinea,"16,929"," 8,251 "," 4,197 "," 4,054 ",36.0,20.0, 38 ,6.0," 2,970,360 "
132,Latin America & Caribbean,PRY,Paraguay,DTP1,99.0,99.0,98.0,93.0,96.0,96.0,96.0,94.0,96.0,99.0,99.0,97.0,94.0,95.0,95.0,96.0,95.0,85.0,88.0,91.0,89.0,87.0,88.0,86.0,90.0,86.0,86.0,82.0,79.0,80.0,77.0,80.0,86.0,70.0,59.0,53.0,40.0,Paraguay,"27,441"," 6,811 "," 3,455 "," 3,356 ",29.0,20.0, 42 ,9.0," 1,975,190 "
133,Latin America & Caribbean,PER,Peru,DTP1,94.0,97.0,98.0,97.0,99.0,94.0,97.0,97.0,97.0,93.0,96.0,94.0,93.0,98.0,98.0,91.0,99.0,99.0,94.0,96.0,97.0,96.0,95.0,95.0,94.0,88.0,89.0,80.0,82.0,68.0,74.0,72.0,53.0,47.0,47.0,44.0,39.0,Peru,"192,094"," 32,165 "," 16,065 "," 16,100 ",27.0,17.0, 45 ,10.0," 8,684,550 "
134,East Asia & Pacific,PHL,Philippines,DTP1,87.0,69.0,78.0,93.0,91.0,92.0,81.0,89.0,94.0,90.0,90.0,91.0,92.0,86.0,84.0,92.0,92.0,91.0,91.0,90.0,82.0,76.0,81.0,86.0,91.0,96.0,96.0,95.0,92.0,90.0,86.0,81.0,80.0,78.0,77.0,77.0,72.0,Philippines,"304,905"," 104,918 "," 52,801 "," 52,117 ",32.0,19.0, 41 ,8.0," 33,573,760 "
135,Western Europe,POL,Poland,DTP1,99.0,99.0,99.0,99.0,99.0,99.0,99.0,99.0,99.0,99.0,99.0,99.0,99.0,99.0,99.0,99.0,99.0,99.0,99.0,99.0,98.0,98.0,98.0,98.0,98.0,98.0,98.0,98.0,98.0,98.0,98.0,97.0,98.0,98.0,98.0,98.0,98.0,Poland,"469,509"," 38,171 "," 18,434 "," 19,737 ",15.0,11.0, 50 ,24.0," 5,725,650 "
136,Western Europe,PRT,Portugal,DTP1,99.0,99.0,99.0,99.0,99.0,97.0,99.0,97.0,99.0,99.0,99.0,94.0,98.0,99.0,98.0,99.0,99.0,98.0,98.0,97.0,98.0,97.0,98.0,97.0,97.0,98.0,96.0,96.0,93.0,94.0,93.0,89.0,92.0,92.0,92.0,91.0,90.0,Portugal,"204,565"," 10,330 "," 4,888 "," 5,441 ",14.0,10.0, 48 ,28.0," 1,446,200 "
137,Middle East & North Africa,QAT,Qatar,DTP1,99.0,99.0,99.0,99.0,95.0,94.0,98.0,99.0,97.0,96.0,99.0,99.0,99.0,96.0,96.0,95.0,92.0,94.0,95.0,97.0,97.0,97.0,97.0,96.0,96.0,95.0,94.0,93.0,87.0,89.0,89.0,88.0,82.0,73.0,62.0,68.0,82.0,Qatar,"152,469"," 2,639 "," 1,981 ", 658 ,14.0,15.0, 68 ,3.0," 369,460 "
138,East Asia & Pacific,KOR,Republic of Korea,DTP1,98.0,99.0,99.0,99.0,99.0,99.0,96.0,96.0,95.0,95.0,98.0,98.0,95.0,97.0,97.0,97.0,97.0,96.0,94.0,93.0,96.0,99.0,97.0,96.0,94.0,92.0,90.0,96.0,80.0,80.0,91.0,91.0,91.0,87.0,82.0,82.0,,"Korea, Rep.","1,411,246"," 50,982 "," 25,510 "," 25,472 ",13.0,13.0, 54 ,20.0," 6,627,660 "
139,Eastern Europe & Central Asia,MDA,Republic of Moldova,DTP1,94.0,88.0,94.0,96.0,97.0,96.0,93.0,88.0,96.0,95.0,97.0,98.0,99.0,99.0,99.0,97.0,98.0,99.0,99.0,98.0,98.0,98.0,95.0,88.0,94.0,,,,,,,,,,,,,Moldova,"6,750"," 4,051 "," 1,944 "," 2,107 ",16.0,13.0, 54 ,18.0," 648,160 "
140,Eastern Europe & Central Asia,ROU,Romania,DTP1,96.0,96.0,98.0,97.0,97.0,96.0,98.0,98.0,98.0,98.0,99.0,99.0,99.0,99.0,99.0,99.0,99.0,99.0,99.0,99.0,98.0,98.0,98.0,97.0,98.0,98.0,98.0,98.0,98.0,97.0,96.0,98.0,,,,,,Romania,"186,691"," 19,679 "," 9,534 "," 10,145 ",15.0,11.0, 49 ,25.0," 2,951,850 "
141,Eastern Europe & Central Asia,RUS,Russian Federation,DTP1,97.0,97.0,97.0,97.0,97.0,97.0,97.0,99.0,99.0,99.0,99.0,99.0,97.0,97.0,97.0,97.0,97.0,97.0,96.0,96.0,94.0,92.0,96.0,92.0,89.0,,,,,,,,,,,,,Russian Federation,"1,283,162"," 143,990 "," 66,917 "," 77,072 ",18.0,10.0, 52 ,21.0," 25,918,200 "
142,Eastern & Southern Africa,RWA,Rwanda,DTP1,99.0,99.0,99.0,99.0,99.0,98.0,98.0,98.0,97.0,99.0,99.0,95.0,94.0,97.0,95.0,94.0,93.0,93.0,92.0,90.0,96.0,94.0,47.0,94.0,95.0,97.0,94.0,94.0,93.0,96.0,95.0,74.0,78.0,81.0,63.0,40.0,,Rwanda,"8,376"," 12,208 "," 5,987 "," 6,222 ",40.0,19.0, 36 ,5.0," 4,883,200 "
143,Latin America & Caribbean,KNA,Saint Kitts and Nevis,DTP1,99.0,96.0,99.0,99.0,99.0,99.0,98.0,99.0,99.0,99.0,99.0,99.0,98.0,98.0,99.0,99.0,99.0,99.0,99.0,99.0,99.0,99.0,99.0,99.0,99.0,99.0,99.0,99.0,97.0,98.0,99.0,97.0,98.0,96.0,97.0,86.0,79.0,St. Kitts and Nevis,917, 55 ,,,,,,, -   
144,Latin America & Caribbean,LCA,Saint Lucia,DTP1,95.0,99.0,99.0,99.0,99.0,99.0,98.0,99.0,99.0,99.0,94.0,99.0,99.0,90.0,99.0,99.0,76.0,96.0,91.0,98.0,96.0,98.0,97.0,98.0,98.0,98.0,96.0,97.0,92.0,95.0,92.0,95.0,94.0,93.0,92.0,84.0,79.0,St. Lucia,"1,379", 179 , 88 , 91 ,19.0,18.0, 50 ,14.0," 34,010 "
145,Latin America & Caribbean,VCT,Saint Vincent and The Grenadines,DTP1,99.0,99.0,99.0,99.0,98.0,98.0,99.0,99.0,99.0,99.0,99.0,99.0,99.0,99.0,99.0,99.0,99.0,98.0,99.0,99.0,99.0,98.0,99.0,99.0,99.0,99.0,98.0,98.0,98.0,98.0,98.0,96.0,95.0,93.0,86.0,57.0,51.0,St. Vincent and the Grenadines,771,,,,,,,,
146,East Asia & Pacific,WSM,Samoa,DTP1,95.0,89.0,88.0,89.0,88.0,91.0,91.0,86.0,48.0,85.0,80.0,87.0,91.0,96.0,99.0,99.0,97.0,97.0,98.0,98.0,98.0,97.0,97.0,97.0,97.0,92.0,96.0,86.0,96.0,97.0,97.0,96.0,98.0,96.0,95.0,86.0,54.0,Samoa,786, 196 , 101 , 95 ,37.0,20.0, 35 ,8.0," 72,520 "
147,Western Europe,SMR,San Marino,DTP1,78.0,77.0,82.0,72.0,98.0,90.0,80.0,95.0,89.0,92.0,98.0,98.0,99.0,98.0,96.0,96.0,97.0,99.0,,99.0,99.0,99.0,96.0,99.0,99.0,99.0,99.0,99.0,99.0,99.0,99.0,99.0,99.0,99.0,,,,San Marino, .. , 33 ,,,,,,, -   
148,West & Central Africa,STP,Sao Tome and Principe,DTP1,97.0,98.0,98.0,99.0,98.0,98.0,98.0,99.0,99.0,99.0,99.0,99.0,99.0,98.0,94.0,97.0,89.0,90.0,89.0,90.0,87.0,92.0,94.0,82.0,87.0,95.0,97.0,84.0,91.0,89.0,85.0,72.0,73.0,51.0,59.0,67.0,,S‹o TomŽ and Principe,351, 204 , 102 , 103 ,43.0,20.0, 33 ,4.0," 87,720 "
149,Middle East & North Africa,SAU,Saudi Arabia,DTP1,98.0,98.0,99.0,98.0,98.0,99.0,98.0,98.0,98.0,97.0,97.0,97.0,96.0,96.0,97.0,99.0,95.0,94.0,95.0,94.0,97.0,98.0,98.0,97.0,97.0,97.0,97.0,98.0,96.0,96.0,95.0,93.0,91.0,86.0,83.0,77.0,66.0,Saudi Arabia,"646,438"," 32,938 "," 18,798 "," 14,140 ",25.0,15.0, 54 ,6.0," 8,234,500 "
150,West & Central Africa,SEN,Senegal,DTP1,96.0,94.0,94.0,96.0,96.0,97.0,96.0,94.0,94.0,97.0,99.0,97.0,95.0,81.0,70.0,79.0,79.0,78.0,79.0,81.0,88.0,93.0,80.0,80.0,77.0,75.0,75.0,72.0,81.0,80.0,77.0,,,,,,,Senegal,"14,765"," 15,851 "," 7,787 "," 8,063 ",43.0,19.0, 33 ,5.0," 6,815,930 "
151,Eastern Europe & Central Asia,SRB,Serbia,DTP1,97.0,98.0,97.0,98.0,97.0,98.0,97.0,98.0,98.0,98.0,97.0,99.0,91.0,91.0,98.0,95.0,97.0,97.0,97.0,97.0,97.0,96.0,95.0,95.0,94.0,,,,,,,,,,,,,Serbia,"37,745"," 8,791 "," 4,295 "," 4,495 ",16.0,12.0, 47 ,24.0," 1,406,560 "
152,Eastern & Southern Africa,SYC,Seychelles,DTP1,98.0,99.0,99.0,99.0,98.0,99.0,99.0,99.0,99.0,99.0,99.0,99.0,99.0,99.0,99.0,99.0,99.0,99.0,99.0,98.0,99.0,98.0,98.0,98.0,98.0,98.0,99.0,98.0,97.0,96.0,97.0,95.0,98.0,98.0,78.0,35.0,,Seychelles,"1,427", 95 , 47 , 48 ,22.0,12.0, 52 ,13.0," 20,900 "
153,West & Central Africa,SLE,Sierra Leone,DTP1,97.0,95.0,88.0,98.0,98.0,97.0,95.0,94.0,84.0,77.0,79.0,80.0,82.0,90.0,89.0,58.0,64.0,68.0,,,,,,,,,,,,,,,,,,,,Sierra Leone,"3,669"," 7,557 "," 3,743 "," 3,815 ",42.0,20.0, 33 ,4.0," 3,173,940 "
154,East Asia & Pacific,SGP,Singapore,DTP1,98.0,98.0,98.0,98.0,98.0,97.0,98.0,98.0,98.0,98.0,96.0,96.0,96.0,96.0,98.0,98.0,98.0,98.0,98.0,98.0,94.0,98.0,95.0,97.0,96.0,97.0,95.0,96.0,96.0,98.0,97.0,92.0,91.0,94.0,94.0,95.0,94.0,Singapore,"296,966"," 5,709 "," 2,821 "," 2,888 ",15.0,13.0, 53 ,20.0," 856,350 "
155,Western Europe,SVK,Slovakia,DTP1,99.0,99.0,99.0,99.0,99.0,99.0,99.0,99.0,99.0,99.0,99.0,99.0,99.0,99.0,99.0,99.0,99.0,99.0,99.0,99.0,99.0,99.0,99.0,,,,,,,,,,,,,,,Slovak Republic,"89,552"," 5,448 "," 2,648 "," 2,799 ",15.0,11.0, 52 ,22.0," 817,200 "
156,Western Europe,SVN,Slovenia,DTP1,98.0,98.0,98.0,98.0,98.0,98.0,98.0,98.0,99.0,99.0,99.0,98.0,98.0,98.0,96.0,96.0,96.0,96.0,97.0,97.0,98.0,98.0,98.0,98.0,98.0,,,,,,,,,,,,,Slovenia,"43,991"," 2,080 "," 1,033 "," 1,047 ",15.0,9.0, 49 ,26.0," 312,000 "
157,East Asia & Pacific,SLB,Solomon Islands,DTP1,99.0,99.0,95.0,99.0,99.0,99.0,97.0,94.0,90.0,96.0,99.0,93.0,91.0,86.0,82.0,84.0,95.0,96.0,88.0,89.0,89.0,87.0,87.0,85.0,88.0,91.0,91.0,86.0,87.0,86.0,67.0,63.0,70.0,52.0,47.0,60.0,71.0,Solomon Islands,"1,202", 611 , 311 , 301 ,39.0,20.0, 36 ,5.0," 238,290 "
158,Eastern & Southern Africa,SOM,Somalia,DTP1,52.0,52.0,52.0,52.0,52.0,52.0,55.0,52.0,40.0,59.0,40.0,50.0,50.0,65.0,60.0,57.0,57.0,59.0,51.0,42.0,45.0,46.0,47.0,46.0,45.0,44.0,42.0,41.0,51.0,50.0,40.0,46.0,31.0,24.0,24.0,20.0,,Somalia,"6,217"," 14,743 "," 7,344 "," 7,399 ",46.0,20.0, 29 ,4.0," 6,781,780 "
159,Eastern & Southern Africa,ZAF,South Africa,DTP1,78.0,83.0,85.0,81.0,72.0,80.0,80.0,81.0,81.0,83.0,82.0,83.0,80.0,77.0,80.0,82.0,85.0,88.0,90.0,93.0,90.0,89.0,90.0,93.0,92.0,93.0,89.0,88.0,88.0,89.0,88.0,91.0,91.0,90.0,,,,South Africa,"294,841"," 56,717 "," 27,836 "," 28,881 ",29.0,18.0, 44 ,8.0," 16,447,930 "
160,Eastern & Southern Africa,SSD,South Sudan,DTP1,35.0,37.0,49.0,57.0,71.0,79.0,,,,,,,,,,,,,,,,,,,,,,,,,,,,,,,,South Sudan,"9,015"," 12,576 "," 6,301 "," 6,275 ",42.0,20.0, 33 ,5.0," 5,281,920 "
161,Western Europe,ESP,Spain,DTP1,99.0,99.0,99.0,98.0,99.0,99.0,99.0,98.0,99.0,98.0,99.0,98.0,99.0,99.0,99.0,98.0,98.0,98.0,98.0,98.0,96.0,96.0,96.0,95.0,94.0,95.0,95.0,97.0,97.0,91.0,96.0,92.0,98.0,,,,,Spain,"1,232,088"," 46,354 "," 22,730 "," 23,625 ",15.0,9.0, 51 ,25.0," 6,953,100 "
162,South Asia,LKA,Sri Lanka,DTP1,99.0,99.0,99.0,99.0,99.0,99.0,99.0,97.0,99.0,99.0,99.0,99.0,98.0,99.0,99.0,99.0,99.0,99.0,97.0,98.0,97.0,97.0,96.0,96.0,96.0,95.0,95.0,95.0,94.0,91.0,91.0,88.0,86.0,84.0,80.0,70.0,71.0,Sri Lanka,"81,322"," 20,877 "," 10,034 "," 10,843 ",24.0,15.0, 46 ,15.0," 5,010,480 "
163,Middle East & North Africa,PSE,State of Palestine,DTP1,99.0,99.0,99.0,99.0,98.0,99.0,99.0,99.0,99.0,99.0,99.0,99.0,99.0,99.0,99.0,97.0,95.0,96.0,99.0,98.0,98.0,99.0,98.0,97.0,,,,,,,,,,,,,,West Bank and Gaza,"13,397"," 4,921 "," 2,495 "," 2,425 ",40.0,21.0, 35 ,5.0," 1,968,400 "
164,Eastern & Southern Africa,SDN,Sudan,DTP1,97.0,97.0,98.0,97.0,97.0,97.0,99.0,92.0,96.0,95.0,91.0,88.0,82.0,83.0,75.0,79.0,75.0,66.0,71.0,78.0,79.0,72.0,71.0,75.0,77.0,83.0,83.0,82.0,65.0,52.0,36.0,28.0,22.0,21.0,20.0,18.0,18.0,Sudan,"95,584"," 40,533 "," 20,257 "," 20,276 ",41.0,20.0, 33 ,5.0," 16,618,530 "
165,Latin America & Caribbean,SUR,Suriname,DTP1,92.0,90.0,91.0,91.0,94.0,90.0,99.0,91.0,95.0,96.0,94.0,93.0,92.0,81.0,86.0,90.0,90.0,90.0,93.0,95.0,93.0,94.0,90.0,91.0,90.0,91.0,94.0,89.0,84.0,88.0,93.0,94.0,93.0,95.0,82.0,52.0,50.0,Suriname,"3,621", 563 , 283 , 281 ,26.0,17.0, 46 ,10.0," 146,380 "
166,Eastern & Southern Africa,SWZ,Swaziland,DTP1,96.0,96.0,99.0,99.0,97.0,98.0,95.0,95.0,96.0,95.0,95.0,95.0,95.0,95.0,95.0,95.0,94.0,94.0,94.0,94.0,94.0,94.0,98.0,96.0,97.0,92.0,96.0,96.0,96.0,95.0,90.0,82.0,74.0,68.0,64.0,55.0,,Swaziland,"3,727"," 1,367 ", 662 , 705 ,37.0,22.0, 36 ,5.0," 505,790 "
167,Western Europe,SWE,Sweden,DTP1,99.0,99.0,99.0,99.0,99.0,99.0,99.0,99.0,99.0,99.0,99.0,99.0,99.0,99.0,99.0,99.0,99.0,99.0,99.0,99.0,99.0,99.0,99.0,99.0,99.0,99.0,99.0,99.0,99.0,99.0,99.0,99.0,99.0,99.0,99.0,99.0,99.0,Sweden,"511,000"," 9,911 "," 4,960 "," 4,951 ",18.0,12.0, 45 ,25.0," 1,783,980 "
168,Western Europe,CHE,Switzerland,DTP1,99.0,99.0,98.0,98.0,98.0,98.0,95.0,95.0,95.0,95.0,95.0,95.0,95.0,95.0,95.0,95.0,95.0,95.0,93.0,93.0,93.0,93.0,93.0,93.0,93.0,93.0,96.0,96.0,96.0,96.0,96.0,,,,,,,Switzerland,"659,827"," 8,476 "," 4,199 "," 4,277 ",15.0,11.0, 50 ,24.0," 1,271,400 "
169,Middle East & North Africa,SYR,Syrian Arab Republic,DTP1,61.0,62.0,65.0,55.0,68.0,86.0,89.0,89.0,88.0,88.0,88.0,88.0,89.0,90.0,92.0,90.0,90.0,93.0,94.0,95.0,96.0,96.0,97.0,98.0,95.0,95.0,93.0,99.0,83.0,71.0,90.0,54.0,50.0,45.0,37.0,36.0,35.0,Syrian Arab Republic, .. ," 18,270 "," 9,231 "," 9,039 ",37.0,21.0, 36 ,7.0," 6,759,900 "
170,Eastern Europe & Central Asia,TJK,Tajikistan,DTP1,98.0,97.0,98.0,98.0,96.0,98.0,95.0,96.0,92.0,88.0,92.0,92.0,93.0,92.0,92.0,89.0,88.0,88.0,87.0,85.0,80.0,86.0,93.0,84.0,89.0,,,,,,,,,,,,,Tajikistan,"6,952"," 8,921 "," 4,481 "," 4,441 ",35.0,19.0, 40 ,6.0," 3,122,350 "
171,East Asia & Pacific,THA,Thailand,DTP1,99.0,99.0,99.0,99.0,99.0,99.0,99.0,99.0,99.0,99.0,99.0,99.0,99.0,99.0,98.0,98.0,98.0,99.0,98.0,98.0,97.0,98.0,97.0,96.0,95.0,96.0,97.0,96.0,93.0,91.0,86.0,83.0,77.0,73.0,73.0,76.0,73.0,Thailand,"406,840"," 69,038 "," 33,665 "," 35,373 ",17.0,14.0, 52 ,17.0," 11,736,460 "
172,Eastern Europe & Central Asia,MKD,The former Yugoslav Republic of Macedonia,DTP1,97.0,98.0,98.0,99.0,98.0,97.0,97.0,96.0,96.0,95.0,95.0,99.0,96.0,99.0,99.0,95.0,98.0,98.0,98.0,98.0,97.0,98.0,96.0,96.0,,,,,,,,,,,,,,"Macedonia, FYR","10,900",,,,,,,,
173,East Asia & Pacific,TLS,Timor-Leste,DTP1,95.0,82.0,83.0,88.0,84.0,70.0,76.0,77.0,85.0,76.0,71.0,64.0,65.0,65.0,68.0,,,,,,,,,,,,,,,,,,,,,,,Timor-Leste,"1,442"," 1,296 ", 658 , 638 ,44.0,22.0, 29 ,5.0," 570,240 "
174,West & Central Africa,TGO,Togo,DTP1,93.0,92.0,91.0,94.0,94.0,94.0,97.0,93.0,92.0,94.0,91.0,91.0,83.0,83.0,75.0,63.0,80.0,81.0,74.0,67.0,70.0,74.0,77.0,80.0,83.0,87.0,90.0,93.0,84.0,92.0,59.0,48.0,32.0,41.0,36.0,29.0,,Togo,"4,400"," 7,798 "," 3,887 "," 3,911 ",42.0,19.0, 35 ,5.0," 3,275,160 "
175,East Asia & Pacific,TON,Tonga,DTP1,83.0,86.0,86.0,86.0,81.0,86.0,86.0,87.0,90.0,91.0,92.0,94.0,95.0,96.0,94.0,99.0,99.0,99.0,98.0,98.0,99.0,98.0,96.0,98.0,99.0,96.0,97.0,97.0,97.0,99.0,91.0,97.0,75.0,84.0,76.0,62.0,65.0,Tonga,395, 108 , 54 , 54 ,36.0,20.0, 35 ,8.0," 38,880 "
176,Latin America & Caribbean,TTO,Trinidad and Tobago,DTP1,97.0,98.0,93.0,94.0,97.0,96.0,96.0,95.0,91.0,90.0,93.0,98.0,98.0,93.0,98.0,91.0,90.0,92.0,94.0,96.0,96.0,96.0,95.0,93.0,95.0,94.0,94.0,91.0,94.0,92.0,88.0,91.0,85.0,82.0,77.0,83.0,51.0,Trinidad and Tobago,"20,989"," 1,369 ", 674 , 695 ,21.0,13.0, 52 ,15.0," 287,490 "
177,Middle East & North Africa,TUN,Tunisia,DTP1,99.0,98.0,98.0,99.0,99.0,98.0,98.0,99.0,99.0,99.0,99.0,98.0,97.0,96.0,96.0,99.0,99.0,99.0,97.0,98.0,98.0,97.0,97.0,97.0,98.0,97.0,97.0,97.0,97.0,94.0,89.0,88.0,86.0,83.0,,,,Tunisia,"42,063"," 11,532 "," 5,697 "," 5,835 ",24.0,15.0, 49 ,12.0," 2,767,680 "
178,Eastern Europe & Central Asia,TUR,Turkey,DTP1,99.0,98.0,97.0,99.0,97.0,98.0,98.0,97.0,97.0,98.0,92.0,92.0,86.0,76.0,82.0,95.0,92.0,92.0,93.0,92.0,89.0,86.0,95.0,91.0,91.0,89.0,94.0,92.0,95.0,95.0,70.0,78.0,79.0,79.0,80.0,84.0,67.0,Turkey,"857,749"," 80,745 "," 39,767 "," 40,978 ",25.0,16.0, 47 ,12.0," 20,186,250 "
179,Eastern Europe & Central Asia,TKM,Turkmenistan,DTP1,99.0,99.0,99.0,99.0,98.0,98.0,99.0,98.0,98.0,99.0,99.0,99.0,98.0,96.0,99.0,96.0,97.0,99.0,99.0,98.0,98.0,97.0,96.0,90.0,94.0,,,,,,,,,,,,,Turkmenistan,"36,180"," 5,758 "," 2,835 "," 2,923 ",31.0,17.0, 45 ,7.0," 1,784,980 "
180,East Asia & Pacific,TUV,Tuvalu,DTP1,99.0,99.0,99.0,99.0,99.0,99.0,99.0,97.0,99.0,99.0,99.0,99.0,99.0,99.0,99.0,99.0,93.0,84.0,98.0,91.0,98.0,95.0,99.0,94.0,88.0,90.0,99.0,95.0,96.0,81.0,90.0,76.0,62.0,92.0,89.0,73.0,61.0,Tuvalu,34, 11 ,,,,,,, -   
181,Eastern & Southern Africa,UGA,Uganda,DTP1,89.0,89.0,89.0,89.0,89.0,91.0,87.0,96.0,87.0,93.0,85.0,90.0,88.0,86.0,84.0,82.0,80.0,78.0,79.0,79.0,80.0,81.0,82.0,80.0,77.0,75.0,72.0,70.0,67.0,55.0,45.0,36.0,36.0,36.0,33.0,29.0,,Uganda,"25,528"," 42,863 "," 21,321 "," 21,542 ",48.0,20.0, 28 ,3.0," 20,574,240 "
182,Eastern Europe & Central Asia,UKR,Ukraine,DTP1,42.0,59.0,59.0,76.0,76.0,50.0,52.0,71.0,90.0,99.0,99.0,99.0,99.0,99.0,99.0,99.0,99.0,99.0,98.0,99.0,99.0,98.0,98.0,97.0,96.0,,,,,,,,,,,,,Ukraine,"93,270"," 44,223 "," 20,446 "," 23,777 ",15.0,10.0, 51 ,23.0," 6,633,450 "
183,Middle East & North Africa,ARE,United Arab Emirates,DTP1,99.0,99.0,99.0,98.0,96.0,95.0,94.0,95.0,96.0,97.0,97.0,97.0,96.0,96.0,96.0,96.0,96.0,96.0,97.0,97.0,96.0,96.0,96.0,96.0,95.0,95.0,95.0,94.0,94.0,93.0,92.0,91.0,81.0,74.0,68.0,70.0,32.0,United Arab Emirates,"348,743"," 9,400 "," 6,806 "," 2,594 ",14.0,11.0, 72 ,2.0," 1,316,000 "
184,Western Europe,GBR,United Kingdom of Great Britain and Northern Ireland,DTP1,98.0,98.0,98.0,98.0,98.0,98.0,98.0,97.0,97.0,97.0,97.0,97.0,97.0,97.0,97.0,97.0,97.0,97.0,97.0,97.0,97.0,97.0,97.0,97.0,97.0,96.0,94.0,92.0,91.0,90.0,86.0,85.0,85.0,81.0,77.0,71.0,66.0,United Kingdom,"2,618,886",,,,,,,,
185,Eastern & Southern Africa,TZA,United Republic of Tanzania,DTP1,99.0,99.0,99.0,99.0,99.0,96.0,98.0,90.0,88.0,89.0,94.0,95.0,99.0,99.0,96.0,95.0,92.0,90.0,96.0,92.0,94.0,93.0,94.0,94.0,94.0,93.0,92.0,91.0,95.0,92.0,90.0,86.0,80.0,76.0,74.0,78.0,81.0,Tanzania,"47,431"," 57,310 "," 28,342 "," 28,968 ",45.0,19.0, 31 ,5.0," 25,789,500 "
186,North America,USA,United States of America,DTP1,97.0,97.0,97.0,97.0,96.0,97.0,97.0,97.0,98.0,98.0,98.0,98.0,98.0,98.0,96.0,98.0,99.0,99.0,98.0,98.0,98.0,98.0,97.0,96.0,94.0,95.0,96.0,97.0,98.0,98.0,98.0,98.0,98.0,98.0,98.0,98.0,98.0,United States,"18,569,100"," 324,459 "," 160,593 "," 163,866 ",19.0,14.0, 46 ,22.0," 61,647,210 "
187,Latin America & Caribbean,URY,Uruguay,DTP1,97.0,99.0,99.0,98.0,98.0,99.0,98.0,99.0,98.0,98.0,99.0,99.0,98.0,98.0,99.0,99.0,92.0,94.0,95.0,97.0,97.0,97.0,97.0,97.0,97.0,98.0,98.0,96.0,94.0,95.0,88.0,84.0,83.0,90.0,86.0,80.0,77.0,Uruguay,"52,420"," 3,457 "," 1,670 "," 1,787 ",21.0,15.0, 45 ,20.0," 725,970 "
188,Eastern Europe & Central Asia,UZB,Uzbekistan,DTP1,99.0,99.0,99.0,99.0,99.0,99.0,99.0,99.0,99.0,98.0,96.0,99.0,99.0,99.0,99.0,99.0,99.0,99.0,99.0,98.0,98.0,96.0,86.0,83.0,94.0,,,,,,,,,,,,,Uzbekistan,"67,220"," 31,911 "," 15,907 "," 16,003 ",28.0,18.0, 46 ,8.0," 8,935,080 "
189,East Asia & Pacific,VUT,Vanuatu,DTP1,75.0,75.0,75.0,75.0,75.0,76.0,76.0,77.0,77.0,78.0,78.0,79.0,80.0,82.0,83.0,84.0,85.0,87.0,88.0,89.0,86.0,90.0,90.0,95.0,91.0,94.0,91.0,82.0,80.0,79.0,56.0,55.0,53.0,52.0,46.0,,,Vanuatu,774, 276 , 140 , 136 ,36.0,18.0, 39 ,7.0," 99,360 "
190,Latin America & Caribbean,VEN,Venezuela (Bolivarian Republic of),DTP1,98.0,98.0,88.0,90.0,90.0,90.0,90.0,86.0,87.0,70.0,79.0,98.0,93.0,88.0,79.0,82.0,92.0,99.0,90.0,82.0,80.0,87.0,84.0,87.0,86.0,84.0,84.0,80.0,79.0,80.0,80.0,73.0,58.0,80.0,77.0,77.0,79.0,"Venezuela, RB", .. ," 31,977 "," 15,905 "," 16,072 ",28.0,17.0, 45 ,10.0," 8,953,560 "
191,East Asia & Pacific,VNM,Viet Nam,DTP1,96.0,98.0,95.0,83.0,99.0,97.0,93.0,97.0,97.0,92.0,94.0,98.0,98.0,99.0,85.0,99.0,97.0,97.0,98.0,98.0,97.0,97.0,97.0,97.0,96.0,96.0,96.0,96.0,88.0,74.0,68.0,67.0,24.0,22.0,,,,Vietnam,"202,616"," 95,541 "," 47,278 "," 48,262 ",23.0,15.0, 50 ,11.0," 21,974,430 "
192,Middle East & North Africa,YEM,Yemen,DTP1,76.0,77.0,82.0,82.0,77.0,79.0,84.0,84.0,85.0,88.0,86.0,88.0,89.0,77.0,72.0,87.0,88.0,84.0,75.0,65.0,72.0,69.0,58.0,77.0,74.0,61.0,94.0,79.0,61.0,41.0,35.0,33.0,27.0,24.0,22.0,21.0,18.0,"Yemen, Rep.","27,318"," 28,250 "," 14,271 "," 13,979 ",40.0,21.0, 34 ,5.0," 11,300,000 "
193,Eastern & Southern Africa,ZMB,Zambia,DTP1,99.0,97.0,96.0,86.0,86.0,87.0,92.0,96.0,95.0,93.0,92.0,92.0,93.0,93.0,94.0,94.0,94.0,94.0,94.0,94.0,94.0,97.0,96.0,95.0,94.0,94.0,97.0,94.0,94.0,94.0,86.0,86.0,81.0,73.0,,,,Zambia,"19,551"," 17,094 "," 8,482 "," 8,612 ",45.0,21.0, 31 ,4.0," 7,692,300 "
194,Eastern & Southern Africa,ZWE,Zimbabwe,DTP1,94.0,94.0,98.0,98.0,99.0,99.0,95.0,87.0,89.0,86.0,83.0,80.0,77.0,79.0,81.0,83.0,84.0,86.0,88.0,95.0,96.0,96.0,95.0,95.0,95.0,95.0,96.0,95.0,95.0,94.0,91.0,84.0,82.0,77.0,71.0,64.0,,Zimbabwe,"16,289"," 16,530 "," 8,051 "," 8,479 ",41.0,20.0, 34 ,4.0," 6,777,300 "
195,,HKG,,,,,,,,,,,,,,,,,,,,,,,,,,,,,,,,,,,,,,,,"Hong Kong SAR, China","320,912",,,,,,,,
196,,HKG,,,,,,,,,,,,,,,,,,,,,,,,,,,,,,,,,,,,,,,,"Hong Kong SAR, China","320,912",,,,,,,,
197,,MAC,,,,,,,,,,,,,,,,,,,,,,,,,,,,,,,,,,,,,,,,"Macao SAR, China","44,803",,,,,,,,
198,,MAC,,,,,,,,,,,,,,,,,,,,,,,,,,,,,,,,,,,,,,,,"Macao SAR, China","44,803",,,,,,,,
199,,IMN,,,,,,,,,,,,,,,,,,,,,,,,,,,,,,,,,,,,,,,,Isle of Man,"7,428",,,,,,,,
200,,IMN,,,,,,,,,,,,,,,,,,,,,,,,,,,,,,,,,,,,,,,,Isle of Man,"7,428",,,,,,,,
201,,LIE,,,,,,,,,,,,,,,,,,,,,,,,,,,,,,,,,,,,,,,,Liechtenstein,"6,664",,,,,,,,
202,,LIE,,,,,,,,,,,,,,,,,,,,,,,,,,,,,,,,,,,,,,,,Liechtenstein,"6,664",,,,,,,,
203,,XKX,,,,,,,,,,,,,,,,,,,,,,,,,,,,,,,,,,,,,,,,Kosovo,"6,650",,,,,,,,
204,,XKX,,,,,,,,,,,,,,,,,,,,,,,,,,,,,,,,,,,,,,,,Kosovo,"6,650",,,,,,,,
205,,GUM,,,,,,,,,,,,,,,,,,,,,,,,,,,,,,,,,,,,,,,,Guam,"5,734",,,,,,,,
206,,GUM,,,,,,,,,,,,,,,,,,,,,,,,,,,,,,,,,,,,,,,,Guam,"5,734",,,,,,,,
207,,VIR,,,,,,,,,,,,,,,,,,,,,,,,,,,,,,,,,,,,,,,,Virgin Islands (U.S.),"3,765",,,,,,,,
208,,VIR,,,,,,,,,,,,,,,,,,,,,,,,,,,,,,,,,,,,,,,,Virgin Islands (U.S.),"3,765",,,,,,,,
209,,GRL,,,,,,,,,,,,,,,,,,,,,,,,,,,,,,,,,,,,,,,,Greenland,"2,220",,,,,,,,
210,,GRL,,,,,,,,,,,,,,,,,,,,,,,,,,,,,,,,,,,,,,,,Greenland,"2,220",,,,,,,,
211,,MNP,,,,,,,,,,,,,,,,,,,,,,,,,,,,,,,,,,,,,,,,Northern Mariana Islands,922,,,,,,,,
212,,MNP,,,,,,,,,,,,,,,,,,,,,,,,,,,,,,,,,,,,,,,,Northern Mariana Islands,922,,,,,,,,
213,,ASM,,,,,,,,,,,,,,,,,,,,,,,,,,,,,,,,,,,,,,,,American Samoa,641,,,,,,,,
214,,ASM,,,,,,,,,,,,,,,,,,,,,,,,,,,,,,,,,,,,,,,,American Samoa,641,,,,,,,,
215,,,,,,,,,,,,,,,,,,,,,,,,,,,,,,,,,,,,,,,,,,,,,,,,,,,
216,,,,,,,,,,,,,,,,,,,,,,,,,,,,,,,,,,,,,,,,,,,,,,,,,,,
217,,,,,,,,,,,,,,,,,,,,,,,,,,,,,,,,,,,,,,,,,,,,,,,,,,,
218,,,,,,,,,,,,,,,,,,,,,,,,,,,,,,,,,,,,,,,,,,,,,,,,,,,
219,,,,,,,,,,,,,,,,,,,,,,,,,,,,,,,,,,,,,,,,,,,,,,,,,,,
220,,,,,,,,,,,,,,,,,,,,,,,,,,,,,,,,,,,,,,,,,,,,,,,,,,,
221,,,,,,,,,,,,,,,,,,,,,,,,,,,,,,,,,,,,,,,,,,,,,,,,,,,
222,,,,,,,,,,,,,,,,,,,,,,,,,,,,,,,,,,,,,,,,,,,,,,,,,,,
223,,ABW,,,,,,,,,,,,,,,,,,,,,,,,,,,,,,,,,,,,,,,,Aruba, .. ,,,,,,,,
224,,ABW,,,,,,,,,,,,,,,,,,,,,,,,,,,,,,,,,,,,,,,,Aruba, .. ,,,,,,,,
225,,BMU,,,,,,,,,,,,,,,,,,,,,,,,,,,,,,,,,,,,,,,,Bermuda, .. ,,,,,,,,
226,,BMU,,,,,,,,,,,,,,,,,,,,,,,,,,,,,,,,,,,,,,,,Bermuda, .. ,,,,,,,,
227,,VGB,,,,,,,,,,,,,,,,,,,,,,,,,,,,,,,,,,,,,,,,British Virgin Islands, .. ,,,,,,,,
228,,VGB,,,,,,,,,,,,,,,,,,,,,,,,,,,,,,,,,,,,,,,,British Virgin Islands, .. ,,,,,,,,
229,,CYM,,,,,,,,,,,,,,,,,,,,,,,,,,,,,,,,,,,,,,,,Cayman Islands, .. ,,,,,,,,
230,,CYM,,,,,,,,,,,,,,,,,,,,,,,,,,,,,,,,,,,,,,,,Cayman Islands, .. ,,,,,,,,
231,,CHI,,,,,,,,,,,,,,,,,,,,,,,,,,,,,,,,,,,,,,,,Channel Islands, .. ,,,,,,,,
232,,CHI,,,,,,,,,,,,,,,,,,,,,,,,,,,,,,,,,,,,,,,,Channel Islands, .. ,,,,,,,,
233,,CUW,,,,,,,,,,,,,,,,,,,,,,,,,,,,,,,,,,,,,,,,Curaao, .. ,,,,,,,,
234,,CUW,,,,,,,,,,,,,,,,,,,,,,,,,,,,,,,,,,,,,,,,Curaao, .. ,,,,,,,,
235,,FRO,,,,,,,,,,,,,,,,,,,,,,,,,,,,,,,,,,,,,,,,Faroe Islands, .. ,,,,,,,,
236,,FRO,,,,,,,,,,,,,,,,,,,,,,,,,,,,,,,,,,,,,,,,Faroe Islands, .. ,,,,,,,,
237,,PYF,,,,,,,,,,,,,,,,,,,,,,,,,,,,,,,,,,,,,,,,French Polynesia, .. ,,,,,,,,
238,,PYF,,,,,,,,,,,,,,,,,,,,,,,,,,,,,,,,,,,,,,,,French Polynesia, .. ,,,,,,,,
239,,GIB,,,,,,,,,,,,,,,,,,,,,,,,,,,,,,,,,,,,,,,,Gibraltar, .. ,,,,,,,,
240,,GIB,,,,,,,,,,,,,,,,,,,,,,,,,,,,,,,,,,,,,,,,Gibraltar, .. ,,,,,,,,
241,,NCL,,,,,,,,,,,,,,,,,,,,,,,,,,,,,,,,,,,,,,,,New Caledonia, .. ,,,,,,,,
242,,NCL,,,,,,,,,,,,,,,,,,,,,,,,,,,,,,,,,,,,,,,,New Caledonia, .. ,,,,,,,,
243,,PRI,,,,,,,,,,,,,,,,,,,,,,,,,,,,,,,,,,,,,,,,Puerto Rico, .. ,,,,,,,,
244,,PRI,,,,,,,,,,,,,,,,,,,,,,,,,,,,,,,,,,,,,,,,Puerto Rico, .. ,,,,,,,,
245,,SXM,,,,,,,,,,,,,,,,,,,,,,,,,,,,,,,,,,,,,,,,Sint Maarten (Dutch part), .. ,,,,,,,,
246,,SXM,,,,,,,,,,,,,,,,,,,,,,,,,,,,,,,,,,,,,,,,Sint Maarten (Dutch part), .. ,,,,,,,,
247,,MAF,,,,,,,,,,,,,,,,,,,,,,,,,,,,,,,,,,,,,,,,St. Martin (French part), .. ,,,,,,,,
248,,MAF,,,,,,,,,,,,,,,,,,,,,,,,,,,,,,,,,,,,,,,,St. Martin (French part), .. ,,,,,,,,
249,,TCA,,,,,,,,,,,,,,,,,,,,,,,,,,,,,,,,,,,,,,,,Turks and Caicos Islands, .. ,,,,,,,,
250,,TCA,,,,,,,,,,,,,,,,,,,,,,,,,,,,,,,,,,,,,,,,Turks and Caicos Islands, .. ,,,,,,,,
251,,WLD,,,,,,,,,,,,,,,,,,,,,,,,,,,,,,,,,,,,,,,,World,"75,641,577",,,,,,,,
252,,WLD,,,,,,,,,,,,,,,,,,,,,,,,,,,,,,,,,,,,,,,,World,"75,641,577",,,,,,,,
253,,EAS,,,,,,,,,,,,,,,,,,,,,,,,,,,,,,,,,,,,,,,,East Asia & Pacific,"22,477,425",,,,,,,,
254,,EAS,,,,,,,,,,,,,,,,,,,,,,,,,,,,,,,,,,,,,,,,East Asia & Pacific,"22,477,425",,,,,,,,
255,,ECS,,,,,,,,,,,,,,,,,,,,,,,,,,,,,,,,,,,,,,,,Europe & Central Asia,"20,162,858",,,,,,,,
256,,ECS,,,,,,,,,,,,,,,,,,,,,,,,,,,,,,,,,,,,,,,,Europe & Central Asia,"20,162,858",,,,,,,,
257,,LCN,,,,,,,,,,,,,,,,,,,,,,,,,,,,,,,,,,,,,,,,Latin America & Caribbean,"5,294,928",,,,,,,,
258,,LCN,,,,,,,,,,,,,,,,,,,,,,,,,,,,,,,,,,,,,,,,Latin America & Caribbean,"5,294,928",,,,,,,,
259,,MEA,,,,,,,,,,,,,,,,,,,,,,,,,,,,,,,,,,,,,,,,Middle East & North Africa,"3,111,499",,,,,,,,
260,,MEA,,,,,,,,,,,,,,,,,,,,,,,,,,,,,,,,,,,,,,,,Middle East & North Africa,"3,111,499",,,,,,,,
261,,NAC,,,,,,,,,,,,,,,,,,,,,,,,,,,,,,,,,,,,,,,,North America,"20,104,905",,,,,,,,
262,,NAC,,,,,,,,,,,,,,,,,,,,,,,,,,,,,,,,,,,,,,,,North America,"20,104,905",,,,,,,,
263,,SAS,,,,,,,,,,,,,,,,,,,,,,,,,,,,,,,,,,,,,,,,South Asia,"2,896,361",,,,,,,,
264,,SAS,,,,,,,,,,,,,,,,,,,,,,,,,,,,,,,,,,,,,,,,South Asia,"2,896,361",,,,,,,,
265,,SSF,,,,,,,,,,,,,,,,,,,,,,,,,,,,,,,,,,,,,,,,Sub-Saharan Africa,"1,498,001",,,,,,,,
266,,SSF,,,,,,,,,,,,,,,,,,,,,,,,,,,,,,,,,,,,,,,,Sub-Saharan Africa,"1,498,001",,,,,,,,
267,,LIC,,,,,,,,,,,,,,,,,,,,,,,,,,,,,,,,,,,,,,,,Low income,"405,501",,,,,,,,
268,,LIC,,,,,,,,,,,,,,,,,,,,,,,,,,,,,,,,,,,,,,,,Low income,"405,501",,,,,,,,
269,,LMC,,,,,,,,,,,,,,,,,,,,,,,,,,,,,,,,,,,,,,,,Lower middle income,"6,252,244",,,,,,,,
270,,LMC,,,,,,,,,,,,,,,,,,,,,,,,,,,,,,,,,,,,,,,,Lower middle income,"6,252,244",,,,,,,,
271,,UMC,,,,,,,,,,,,,,,,,,,,,,,,,,,,,,,,,,,,,,,,Upper middle income,"20,570,823",,,,,,,,
272,,UMC,,,,,,,,,,,,,,,,,,,,,,,,,,,,,,,,,,,,,,,,Upper middle income,"20,570,823",,,,,,,,
273,,HIC,,,,,,,,,,,,,,,,,,,,,,,,,,,,,,,,,,,,,,,,High income,"48,407,640",,,,,,,,
274,,HIC,,,,,,,,,,,,,,,,,,,,,,,,,,,,,,,,,,,,,,,,High income,"48,407,640",,,,,,,,
275,,,World,,,,,,,,,,,,,,,,,,,,,,,,,,,,,,,,,,,,,,,,," 7,550,262 "," 3,808,932 "," 3,741,330 ",26.0,16.0, 46 ,13.0," 1,963,068,120 "
276,,,Africa,,,,,,,,,,,,,,,,,,,,,,,,,,,,,,,,,,,,,,,,," 1,256,268 "," 627,392 "," 628,876 ",41.0,19.0, 35 ,5.0," 515,069,880 "
277,,,Asia,,,,,,,,,,,,,,,,,,,,,,,,,,,,,,,,,,,,,,,,," 4,504,428 "," 2,304,731 "," 2,199,697 ",24.0,16.0, 48 ,12.0," 1,081,062,720 "
278,,,Europe,,,,,,,,,,,,,,,,,,,,,,,,,,,,,,,,,,,,,,,,," 742,074 "," 358,540 "," 383,534 ",16.0,11.0, 49 ,25.0," 118,731,840 "
279,,,Latin America and the Caribbean,,,,,,,,,,,,,,,,,,,,,,,,,,,,,,,,,,,,,,,,," 645,593 "," 319,085 "," 326,508 ",25.0,17.0, 46 ,12.0," 161,398,250 "
280,,,Northern America,,,,,,,,,,,,,,,,,,,,,,,,,,,,,,,,,,,,,,,,," 361,208 "," 178,828 "," 182,380 ",19.0,13.0, 46 ,22.0," 68,629,520 "
281,,,Oceania,,,,,,,,,,,,,,,,,,,,,,,,,,,,,,,,,,,,,,,,," 40,691 "," 20,356 "," 20,335 ",23.0,15.0, 45 ,17.0," 9,358,930 "
282,,,American Samoa,,,,,,,,,,,,,,,,,,,,,,,,,,,,,,,,,,,,,,,,, 56 ,,,,,,, -   
283,,,Anguilla,,,,,,,,,,,,,,,,,,,,,,,,,,,,,,,,,,,,,,,,, 15 ,,,,,,, -   
284,,,Aruba,,,,,,,,,,,,,,,,,,,,,,,,,,,,,,,,,,,,,,,,, 105 , 50 , 55 ,18.0,14.0, 48 ,20.0," 18,900 "
285,,,Bermuda,,,,,,,,,,,,,,,,,,,,,,,,,,,,,,,,,,,,,,,,, 61 ,,,,,,, -   
286,,,British Virgin Islands,,,,,,,,,,,,,,,,,,,,,,,,,,,,,,,,,,,,,,,,, 31 ,,,,,,, -   
287,,,Caribbean Netherlands,,,,,,,,,,,,,,,,,,,,,,,,,,,,,,,,,,,,,,,,, 25 ,,,,,,, -   
288,,,Cayman Islands,,,,,,,,,,,,,,,,,,,,,,,,,,,,,,,,,,,,,,,,, 62 ,,,,,,, -   
289,,,Channel Islands,,,,,,,,,,,,,,,,,,,,,,,,,,,,,,,,,,,,,,,,, 165 , 82 , 83 ,15.0,11.0, 50 ,25.0," 24,750 "
290,,,"China, Hong Kong SAR",,,,,,,,,,,,,,,,,,,,,,,,,,,,,,,,,,,,,,,,," 7,365 "," 3,387 "," 3,978 ",11.0,10.0, 55 ,23.0," 810,150 "
291,,,"China, Macao SAR",,,,,,,,,,,,,,,,,,,,,,,,,,,,,,,,,,,,,,,,, 623 , 299 , 324 ,13.0,11.0, 59 ,16.0," 80,990 "
292,,,"China, Taiwan Province of China",,,,,,,,,,,,,,,,,,,,,,,,,,,,,,,,,,,,,,,,," 23,626 "," 11,790 "," 11,836 ",13.0,13.0, 54 ,20.0," 3,071,380 "
293,,,C“te d'Ivoire,,,,,,,,,,,,,,,,,,,,,,,,,,,,,,,,,,,,,,,,," 24,295 "," 12,307 "," 11,988 ",42.0,20.0, 33 ,5.0," 10,203,900 "
294,,,Cura‡ao,,,,,,,,,,,,,,,,,,,,,,,,,,,,,,,,,,,,,,,,, 161 , 74 , 87 ,19.0,13.0, 46 ,23.0," 30,590 "
295,,,Czechia,,,,,,,,,,,,,,,,,,,,,,,,,,,,,,,,,,,,,,,,," 10,618 "," 5,219 "," 5,399 ",15.0,9.0, 50 ,26.0," 1,592,700 "
296,,,Dem People's Rep of Korea,,,,,,,,,,,,,,,,,,,,,,,,,,,,,,,,,,,,,,,,," 25,491 "," 12,468 "," 13,023 ",21.0,15.0, 51 ,13.0," 5,353,110 "
297,,,Dem Republic of the Congo,,,,,,,,,,,,,,,,,,,,,,,,,,,,,,,,,,,,,,,,," 81,340 "," 40,581 "," 40,759 ",46.0,19.0, 30 ,5.0," 37,416,400 "
298,,,Faeroe Islands,,,,,,,,,,,,,,,,,,,,,,,,,,,,,,,,,,,,,,,,, 49 ,,,,,,, -   
299,,,Falkland Islands (Malvinas),,,,,,,,,,,,,,,,,,,,,,,,,,,,,,,,,,,,,,,,, 3 ,,,,,,, -   
300,,,French Guiana,,,,,,,,,,,,,,,,,,,,,,,,,,,,,,,,,,,,,,,,, 283 , 141 , 141 ,33.0,17.0, 41 ,8.0," 93,390 "
301,,,French Polynesia,,,,,,,,,,,,,,,,,,,,,,,,,,,,,,,,,,,,,,,,, 283 , 144 , 139 ,23.0,16.0, 48 ,12.0," 65,090 "
302,,,Gibraltar,,,,,,,,,,,,,,,,,,,,,,,,,,,,,,,,,,,,,,,,, 35 ,,,,,,, -   
303,,,Greenland,,,,,,,,,,,,,,,,,,,,,,,,,,,,,,,,,,,,,,,,, 56 ,,,,,,, -   
304,,,Guadeloupe,,,,,,,,,,,,,,,,,,,,,,,,,,,,,,,,,,,,,,,,, 450 , 208 , 241 ,19.0,15.0, 43 ,24.0," 85,500 "
305,,,Guam,,,,,,,,,,,,,,,,,,,,,,,,,,,,,,,,,,,,,,,,, 164 , 83 , 81 ,25.0,17.0, 44 ,14.0," 41,000 "
306,,,Holy See,,,,,,,,,,,,,,,,,,,,,,,,,,,,,,,,,,,,,,,,, 1 ,,,,,,, -   
307,,,Isle of Man,,,,,,,,,,,,,,,,,,,,,,,,,,,,,,,,,,,,,,,,, 84 ,,,,,,, -   
308,,,Lao People's Dem Republic,,,,,,,,,,,,,,,,,,,,,,,,,,,,,,,,,,,,,,,,," 6,858 "," 3,421 "," 3,437 ",33.0,21.0, 40 ,6.0," 2,263,140 "
309,,,Liechtenstein,,,,,,,,,,,,,,,,,,,,,,,,,,,,,,,,,,,,,,,,, 38 ,,,,,,, -   
310,,,Martinique,,,,,,,,,,,,,,,,,,,,,,,,,,,,,,,,,,,,,,,,, 385 , 175 , 210 ,18.0,11.0, 45 ,26.0," 69,300 "
311,,,Mayotte,,,,,,,,,,,,,,,,,,,,,,,,,,,,,,,,,,,,,,,,, 253 , 124 , 129 ,41.0,19.0, 35 ,6.0," 103,730 "
312,,,Micronesia (Fed States of),,,,,,,,,,,,,,,,,,,,,,,,,,,,,,,,,,,,,,,,, 106 , 54 , 51 ,33.0,23.0, 36 ,8.0," 34,980 "
313,,,Montserrat,,,,,,,,,,,,,,,,,,,,,,,,,,,,,,,,,,,,,,,,, 5 ,,,,,,, -   
314,,,New Caledonia,,,,,,,,,,,,,,,,,,,,,,,,,,,,,,,,,,,,,,,,, 276 , 139 , 137 ,23.0,16.0, 47 ,14.0," 63,480 "
315,,,Northern Mariana Islands,,,,,,,,,,,,,,,,,,,,,,,,,,,,,,,,,,,,,,,,, 55 ,,,,,,, -   
316,,,Puerto Rico,,,,,,,,,,,,,,,,,,,,,,,,,,,,,,,,,,,,,,,,," 3,663 "," 1,761 "," 1,902 ",18.0,15.0, 47 ,20.0," 659,340 "
317,,,R‚union,,,,,,,,,,,,,,,,,,,,,,,,,,,,,,,,,,,,,,,,, 877 , 424 , 452 ,24.0,15.0, 45 ,16.0," 210,480 "
318,,,Saint Helena,,,,,,,,,,,,,,,,,,,,,,,,,,,,,,,,,,,,,,,,, 4 ,,,,,,, -   
319,,,Saint Pierre and Miquelon,,,,,,,,,,,,,,,,,,,,,,,,,,,,,,,,,,,,,,,,, 6 ,,,,,,, -   
320,,,St Vincent and the Grenadines,,,,,,,,,,,,,,,,,,,,,,,,,,,,,,,,,,,,,,,,, 110 , 55 , 54 ,24.0,17.0, 47 ,12.0," 26,400 "
321,,,Sint Maarten (Dutch part),,,,,,,,,,,,,,,,,,,,,,,,,,,,,,,,,,,,,,,,, 40 ,,,,,,, -   
322,,,TFYR Macedonia,,,,,,,,,,,,,,,,,,,,,,,,,,,,,,,,,,,,,,,,," 2,083 "," 1,041 "," 1,042 ",17.0,13.0, 51 ,19.0," 354,110 "
323,,,Tokelau,,,,,,,,,,,,,,,,,,,,,,,,,,,,,,,,,,,,,,,,, 1 ,,,,,,, -   
324,,,Turks and Caicos Islands,,,,,,,,,,,,,,,,,,,,,,,,,,,,,,,,,,,,,,,,, 35 ,,,,,,, -   
325,,,United Kingdom,,,,,,,,,,,,,,,,,,,,,,,,,,,,,,,,,,,,,,,,," 66,182 "," 32,655 "," 33,527 ",18.0,12.0, 47 ,24.0," 11,912,760 "
326,,,United States Virgin Islands,,,,,,,,,,,,,,,,,,,,,,,,,,,,,,,,,,,,,,,,, 105 , 50 , 55 ,20.0,13.0, 42 ,25.0," 21,000 "
327,,,Wallis and Futuna Islands,,,,,,,,,,,,,,,,,,,,,,,,,,,,,,,,,,,,,,,,, 12 ,,,,,,, -   
328,,,Western Sahara,,,,,,,,,,,,,,,,,,,,,,,,,,,,,,,,,,,,,,,,, 553 , 290 , 263 ,28.0,17.0, 49 ,5.0," 154,840 "
