,unicef_region,iso3,country,vaccine,2016,2015,2014,2013,2012,2011,2010,2009,2008,2007,2006,2005,2004,2003,2002,2001,2000,1999,1998,1997,1996,1995,1994,1993,1992,1991,1990,1989,1988,1987,1986,1985,1984,1983,1982,1981,1980,economy,millions of US dollars
0,South Asia,AFG,Afghanistan,DTP1,73.0,73.0,73.0,76.0,78.0,78.0,72.0,72.0,75.0,76.0,75.0,76.0,72.0,66.0,62.0,59.0,48.0,52.0,52.0,48.0,56.0,44.0,33.0,41.0,45.0,47.0,50.0,58.0,60.0,50.0,32.0,37.0,39.0,24.0,24.0,,22.0,Afghanistan,"19,469"
1,Eastern Europe & Central Asia,ALB,Albania,DTP1,99.0,99.0,99.0,99.0,99.0,99.0,99.0,99.0,99.0,98.0,98.0,99.0,98.0,97.0,98.0,97.0,98.0,98.0,99.0,99.0,98.0,98.0,99.0,98.0,97.0,92.0,97.0,97.0,98.0,98.0,98.0,98.0,98.0,98.0,98.0,97.0,97.0,Albania,"11,927"
2,Middle East & North Africa,DZA,Algeria,DTP1,96.0,99.0,99.0,99.0,99.0,99.0,99.0,98.0,97.0,98.0,98.0,94.0,93.0,93.0,93.0,92.0,95.0,92.0,94.0,96.0,96.0,96.0,95.0,96.0,96.0,96.0,96.0,95.0,93.0,92.0,92.0,88.0,,,,,,Algeria,"156,080"
3,Western Europe,AND,Andorra,DTP1,99.0,99.0,99.0,98.0,99.0,99.0,99.0,99.0,99.0,98.0,97.0,99.0,99.0,99.0,99.0,98.0,99.0,96.0,96.0,96.0,,,,,,,,,,,,,,,,,,Andorra, .. 
4,Eastern & Southern Africa,AGO,Angola,DTP1,79.0,77.0,81.0,79.0,83.0,88.0,93.0,79.0,88.0,73.0,57.0,54.0,69.0,64.0,62.0,55.0,44.0,51.0,59.0,66.0,53.0,48.0,52.0,55.0,45.0,51.0,48.0,41.0,33.0,31.0,31.0,28.0,28.0,25.0,,,,Angola,"89,633"
5,Latin America & Caribbean,ATG,Antigua and Barbuda,DTP1,99.0,99.0,99.0,99.0,99.0,99.0,99.0,99.0,99.0,99.0,99.0,99.0,99.0,99.0,98.0,99.0,98.0,99.0,99.0,99.0,99.0,99.0,99.0,99.0,99.0,97.0,99.0,99.0,98.0,98.0,98.0,99.0,97.0,99.0,92.0,92.0,77.0,Antigua and Barbuda,"1,449"
6,Latin America & Caribbean,ARG,Argentina,DTP1,97.0,94.0,98.0,94.0,94.0,94.0,95.0,94.0,97.0,94.0,93.0,99.0,99.0,96.0,96.0,96.0,96.0,96.0,96.0,96.0,94.0,95.0,94.0,93.0,93.0,93.0,95.0,93.0,93.0,91.0,86.0,86.0,83.0,82.0,80.0,73.0,69.0,Argentina,"545,866"
7,Eastern Europe & Central Asia,ARM,Armenia,DTP1,97.0,97.0,97.0,97.0,98.0,98.0,98.0,97.0,96.0,96.0,95.0,96.0,97.0,98.0,98.0,98.0,97.0,97.0,93.0,96.0,95.0,98.0,95.0,95.0,95.0,,,,,,,,,,,,,Armenia,"10,547"
8,East Asia & Pacific,AUS,Australia,DTP1,98.0,97.0,92.0,92.0,92.0,92.0,97.0,97.0,97.0,97.0,97.0,97.0,97.0,97.0,97.0,97.0,96.0,96.0,84.0,91.0,95.0,95.0,96.0,96.0,97.0,97.0,98.0,97.0,96.0,93.0,91.0,87.0,83.0,78.0,72.0,65.0,58.0,Australia,"1,204,616"
9,Western Europe,AUT,Austria,DTP1,99.0,99.0,99.0,99.0,99.0,99.0,98.0,93.0,97.0,99.0,99.0,99.0,99.0,99.0,99.0,99.0,99.0,96.0,96.0,96.0,96.0,96.0,96.0,96.0,96.0,96.0,96.0,96.0,96.0,96.0,96.0,96.0,96.0,96.0,96.0,96.0,96.0,Austria,"386,428"
10,Eastern Europe & Central Asia,AZE,Azerbaijan,DTP1,98.0,97.0,96.0,95.0,94.0,94.0,94.0,90.0,90.0,87.0,86.0,81.0,84.0,83.0,82.0,83.0,83.0,83.0,81.0,78.0,82.0,79.0,77.0,65.0,64.0,,,,,,,,,,,,,Azerbaijan,"37,848"
11,Latin America & Caribbean,BHS,Bahamas,DTP1,95.0,99.0,96.0,99.0,99.0,99.0,99.0,99.0,99.0,98.0,95.0,99.0,99.0,99.0,99.0,99.0,99.0,96.0,96.0,95.0,95.0,95.0,97.0,97.0,97.0,97.0,95.0,95.0,95.0,95.0,95.0,95.0,87.0,85.0,87.0,78.0,61.0,"Bahamas, The","9,047"
12,Middle East & North Africa,BHR,Bahrain,DTP1,99.0,98.0,98.0,99.0,99.0,99.0,99.0,98.0,98.0,97.0,99.0,99.0,99.0,99.0,99.0,99.0,98.0,99.0,98.0,98.0,96.0,98.0,99.0,97.0,97.0,99.0,97.0,98.0,98.0,98.0,97.0,96.0,95.0,94.0,92.0,91.0,89.0,Bahrain,"31,859"
13,South Asia,BGD,Bangladesh,DTP1,99.0,99.0,99.0,98.0,97.0,99.0,98.0,99.0,99.0,98.0,97.0,97.0,99.0,93.0,95.0,94.0,92.0,91.0,89.0,92.0,91.0,87.0,94.0,79.0,86.0,88.0,86.0,73.0,39.0,29.0,22.0,20.0,18.0,18.0,18.0,18.0,,Bangladesh,"221,415"
14,Latin America & Caribbean,BRB,Barbados,DTP1,99.0,99.0,98.0,97.0,96.0,95.0,94.0,93.0,85.0,93.0,94.0,97.0,97.0,91.0,92.0,92.0,93.0,95.0,96.0,98.0,95.0,97.0,96.0,95.0,96.0,94.0,97.0,92.0,91.0,92.0,92.0,94.0,94.0,87.0,83.0,80.0,82.0,Barbados,"4,588"
15,Eastern Europe & Central Asia,BLR,Belarus,DTP1,99.0,99.0,97.0,99.0,98.0,99.0,99.0,98.0,98.0,99.0,99.0,99.0,99.0,74.0,99.0,99.0,99.0,99.0,99.0,98.0,98.0,98.0,97.0,97.0,96.0,,,,,,,,,,,,,Belarus,"47,433"
16,Western Europe,BEL,Belgium,DTP1,99.0,99.0,99.0,99.0,99.0,99.0,99.0,99.0,99.0,99.0,99.0,98.0,97.0,97.0,97.0,97.0,97.0,97.0,96.0,95.0,98.0,97.0,98.0,98.0,98.0,97.0,97.0,97.0,93.0,98.0,98.0,98.0,98.0,98.0,98.0,98.0,98.0,Belgium,"466,366"
17,Latin America & Caribbean,BLZ,Belize,DTP1,98.0,97.0,96.0,96.0,99.0,98.0,99.0,99.0,98.0,98.0,98.0,98.0,98.0,98.0,97.0,97.0,96.0,96.0,95.0,95.0,95.0,94.0,96.0,96.0,96.0,94.0,97.0,88.0,90.0,87.0,98.0,81.0,77.0,81.0,74.0,77.0,72.0,Belize,"1,765"
18,West & Central Africa,BEN,Benin,DTP1,86.0,86.0,86.0,86.0,89.0,85.0,87.0,89.0,91.0,94.0,89.0,84.0,85.0,86.0,87.0,88.0,89.0,88.0,87.0,86.0,86.0,82.0,89.0,87.0,86.0,83.0,86.0,68.0,51.0,46.0,36.0,36.0,,,,,,Benin,"8,583"
19,South Asia,BTN,Bhutan,DTP1,99.0,99.0,99.0,97.0,97.0,98.0,94.0,97.0,97.0,98.0,97.0,97.0,92.0,96.0,95.0,96.0,96.0,95.0,96.0,95.0,95.0,95.0,95.0,92.0,95.0,97.0,98.0,91.0,88.0,84.0,77.0,66.0,53.0,39.0,37.0,35.0,25.0,Bhutan,"2,237"
20,Latin America & Caribbean,BOL,Bolivia (Plurinational State of),DTP1,99.0,99.0,99.0,98.0,97.0,98.0,97.0,97.0,96.0,85.0,87.0,93.0,88.0,96.0,94.0,91.0,92.0,92.0,86.0,80.0,82.0,84.0,80.0,76.0,70.0,68.0,66.0,76.0,53.0,60.0,67.0,58.0,25.0,31.0,33.0,35.0,32.0,Bolivia,"33,806"
21,Eastern Europe & Central Asia,BIH,Bosnia and Herzegovina,DTP1,90.0,89.0,92.0,94.0,95.0,94.0,95.0,95.0,95.0,96.0,94.0,95.0,93.0,93.0,86.0,94.0,90.0,90.0,91.0,92.0,86.0,78.0,94.0,63.0,80.0,,,,,,,,,,,,,Bosnia and Herzegovina,"16,560"
22,Eastern & Southern Africa,BWA,Botswana,DTP1,98.0,98.0,98.0,98.0,98.0,98.0,98.0,98.0,98.0,98.0,98.0,98.0,98.0,98.0,98.0,98.0,98.0,98.0,98.0,98.0,98.0,98.0,99.0,99.0,99.0,99.0,99.0,99.0,96.0,93.0,98.0,98.0,98.0,97.0,97.0,93.0,89.0,Botswana,"15,275"
23,Latin America & Caribbean,BRA,Brazil,DTP1,89.0,97.0,98.0,98.0,99.0,99.0,99.0,99.0,99.0,99.0,99.0,99.0,99.0,99.0,99.0,99.0,99.0,99.0,99.0,99.0,75.0,85.0,50.0,91.0,88.0,92.0,86.0,79.0,80.0,80.0,80.0,86.0,87.0,82.0,79.0,72.0,62.0,Brazil,"1,796,187"
24,East Asia & Pacific,BRN,Brunei Darussalam,DTP1,99.0,99.0,99.0,99.0,99.0,99.0,98.0,99.0,99.0,99.0,99.0,99.0,99.0,99.0,99.0,99.0,99.0,99.0,99.0,99.0,99.0,99.0,99.0,99.0,98.0,98.0,97.0,97.0,96.0,95.0,95.0,96.0,98.0,95.0,99.0,97.0,96.0,Brunei Darussalam,"11,400"
25,Eastern Europe & Central Asia,BGR,Bulgaria,DTP1,94.0,93.0,90.0,96.0,96.0,96.0,96.0,96.0,97.0,96.0,97.0,97.0,95.0,96.0,97.0,95.0,95.0,96.0,96.0,97.0,98.0,98.0,97.0,98.0,98.0,99.0,99.0,99.0,99.0,99.0,99.0,99.0,99.0,99.0,99.0,99.0,98.0,Bulgaria,"52,395"
26,West & Central Africa,BFA,Burkina Faso,DTP1,95.0,95.0,95.0,94.0,94.0,93.0,93.0,93.0,97.0,92.0,91.0,91.0,90.0,90.0,89.0,93.0,97.0,83.0,77.0,78.0,78.0,79.0,79.0,79.0,79.0,86.0,92.0,81.0,74.0,53.0,48.0,35.0,,,,,,Burkina Faso,"12,115"
27,Eastern & Southern Africa,BDI,Burundi,DTP1,97.0,97.0,98.0,98.0,98.0,99.0,99.0,99.0,98.0,99.0,99.0,96.0,95.0,93.0,91.0,90.0,88.0,86.0,86.0,86.0,86.0,86.0,72.0,84.0,93.0,94.0,95.0,94.0,68.0,87.0,76.0,61.0,51.0,69.0,58.0,61.0,,Burundi,"3,007"
28,West & Central Africa,CPV,Cabo Verde,DTP1,96.0,97.0,99.0,93.0,98.0,99.0,99.0,99.0,99.0,99.0,98.0,97.0,96.0,95.0,95.0,94.0,94.0,93.0,93.0,92.0,90.0,90.0,95.0,96.0,96.0,95.0,96.0,99.0,96.0,97.0,77.0,64.0,56.0,47.0,,,,Cabo Verde,"1,617"
29,East Asia & Pacific,KHM,Cambodia,DTP1,92.0,92.0,92.0,92.0,94.0,94.0,92.0,99.0,95.0,87.0,85.0,85.0,92.0,74.0,60.0,65.0,78.0,73.0,78.0,62.0,59.0,55.0,53.0,51.0,48.0,63.0,63.0,72.0,70.0,62.0,62.0,47.0,40.0,,,,,Cambodia,"20,017"
30,West & Central Africa,CMR,Cameroon,DTP1,92.0,92.0,93.0,95.0,94.0,90.0,92.0,88.0,93.0,90.0,87.0,85.0,80.0,79.0,75.0,70.0,66.0,69.0,71.0,72.0,71.0,71.0,63.0,62.0,62.0,67.0,70.0,73.0,68.0,63.0,58.0,52.0,46.0,44.0,31.0,18.0,,Cameroon,"24,204"
31,North America,CAN,Canada,DTP1,96.0,96.0,96.0,96.0,99.0,96.0,96.0,96.0,96.0,96.0,96.0,96.0,96.0,95.0,95.0,95.0,95.0,95.0,95.0,95.0,98.0,97.0,97.0,96.0,96.0,96.0,96.0,95.0,95.0,95.0,,,,,,,,Canada,"1,529,760"
32,West & Central Africa,CAF,Central African Republic,DTP1,69.0,69.0,69.0,35.0,69.0,69.0,67.0,65.0,65.0,65.0,64.0,64.0,64.0,65.0,65.0,65.0,60.0,55.0,61.0,66.0,72.0,77.0,76.0,75.0,75.0,85.0,95.0,84.0,67.0,46.0,42.0,44.0,40.0,39.0,36.0,32.0,35.0,Central African Republic,"1,756"
33,West & Central Africa,TCD,Chad,DTP1,60.0,60.0,60.0,58.0,57.0,55.0,55.0,45.0,47.0,50.0,58.0,46.0,35.0,45.0,45.0,44.0,45.0,45.0,47.0,48.0,44.0,41.0,41.0,35.0,31.0,41.0,44.0,44.0,36.0,36.0,31.0,21.0,21.0,18.0,,,,Chad,"9,601"
34,Latin America & Caribbean,CHL,Chile,DTP1,99.0,97.0,99.0,92.0,90.0,98.0,93.0,94.0,96.0,98.0,95.0,92.0,94.0,98.0,98.0,99.0,98.0,97.0,97.0,96.0,97.0,97.0,97.0,96.0,96.0,97.0,98.0,98.0,98.0,97.0,96.0,99.0,99.0,96.0,99.0,99.0,97.0,Chile,"247,028"
35,East Asia & Pacific,CHN,China,DTP1,99.0,99.0,99.0,99.0,99.0,99.0,99.0,99.0,99.0,99.0,99.0,95.0,95.0,95.0,95.0,95.0,94.0,94.0,94.0,94.0,94.0,93.0,95.0,96.0,97.0,97.0,98.0,98.0,98.0,91.0,92.0,92.0,90.0,80.0,,,,China,"11,199,145"
36,Latin America & Caribbean,COL,Colombia,DTP1,93.0,93.0,91.0,97.0,91.0,95.0,96.0,97.0,97.0,97.0,97.0,97.0,90.0,94.0,93.0,82.0,91.0,95.0,95.0,94.0,95.0,95.0,95.0,94.0,92.0,94.0,96.0,92.0,90.0,80.0,72.0,82.0,82.0,67.0,51.0,44.0,39.0,Colombia,"282,463"
37,Eastern & Southern Africa,COM,Comoros,DTP1,96.0,96.0,93.0,90.0,91.0,92.0,81.0,89.0,85.0,79.0,78.0,77.0,85.0,82.0,96.0,85.0,85.0,73.0,90.0,72.0,82.0,91.0,80.0,88.0,63.0,76.0,97.0,94.0,68.0,88.0,88.0,75.0,56.0,,,,,Comoros,617
38,West & Central Africa,COG,Congo,DTP1,85.0,85.0,95.0,90.0,90.0,90.0,90.0,92.0,93.0,80.0,81.0,73.0,67.0,62.0,50.0,44.0,45.0,46.0,46.0,47.0,62.0,74.0,78.0,82.0,86.0,90.0,92.0,92.0,89.0,89.0,88.0,77.0,77.0,74.0,72.0,67.0,67.0,"Congo, Rep.","7,834"
39,East Asia & Pacific,COK,Cook Islands,DTP1,99.0,99.0,99.0,98.0,98.0,98.0,99.0,99.0,99.0,99.0,99.0,99.0,99.0,96.0,99.0,97.0,99.0,98.0,98.0,97.0,91.0,97.0,95.0,99.0,95.0,95.0,97.0,96.0,97.0,94.0,95.0,92.0,72.0,80.0,75.0,71.0,65.0,,
40,Latin America & Caribbean,CRI,Costa Rica,DTP1,99.0,93.0,91.0,98.0,92.0,87.0,96.0,91.0,90.0,90.0,89.0,97.0,96.0,89.0,98.0,91.0,90.0,92.0,95.0,97.0,95.0,95.0,96.0,96.0,96.0,96.0,98.0,95.0,95.0,97.0,96.0,96.0,97.0,95.0,93.0,95.0,95.0,Costa Rica,"57,436"
41,West & Central Africa,CIV,CÙte díIvoire,DTP1,98.0,99.0,93.0,89.0,93.0,75.0,95.0,95.0,89.0,93.0,95.0,83.0,73.0,71.0,76.0,81.0,85.0,77.0,74.0,77.0,70.0,64.0,72.0,77.0,73.0,64.0,77.0,67.0,56.0,56.0,55.0,50.0,42.0,,,,,Côte d'Ivoire,"36,165"
42,Eastern Europe & Central Asia,HRV,Croatia,DTP1,98.0,98.0,98.0,98.0,98.0,97.0,97.0,97.0,97.0,96.0,96.0,96.0,96.0,98.0,99.0,94.0,95.0,96.0,96.0,97.0,97.0,96.0,95.0,95.0,94.0,,,,,,,,,,,,,Croatia,"50,425"
43,Latin America & Caribbean,CUB,Cuba,DTP1,99.0,99.0,99.0,99.0,99.0,99.0,96.0,98.0,96.0,97.0,98.0,99.0,89.0,90.0,99.0,99.0,98.0,95.0,99.0,99.0,96.0,99.0,99.0,99.0,97.0,99.0,97.0,98.0,98.0,95.0,99.0,97.0,95.0,99.0,99.0,87.0,86.0,Cuba,"87,133"
44,Western Europe,CYP,Cyprus,DTP1,98.0,98.0,99.0,99.0,99.0,99.0,99.0,99.0,98.0,98.0,98.0,98.0,98.0,98.0,98.0,98.0,98.0,98.0,98.0,98.0,98.0,98.0,98.0,98.0,97.0,97.0,97.0,97.0,96.0,97.0,97.0,82.0,55.0,59.0,51.0,79.0,59.0,Cyprus,"19,802"
45,Western Europe,CZE,Czech Republic,DTP1,98.0,99.0,99.0,99.0,99.0,99.0,99.0,99.0,99.0,99.0,99.0,99.0,99.0,99.0,99.0,99.0,99.0,99.0,99.0,99.0,98.0,98.0,98.0,99.0,,,,,,,,,,,,,,Czech Republic,"192,925"
46,East Asia & Pacific,PRK,Democratic Peopleís Republic of Korea,DTP1,97.0,97.0,94.0,94.0,97.0,95.0,94.0,94.0,93.0,93.0,91.0,83.0,75.0,70.0,65.0,63.0,61.0,58.0,56.0,54.0,74.0,84.0,91.0,96.0,96.0,98.0,98.0,98.0,95.0,95.0,82.0,78.0,86.0,76.0,75.0,76.0,74.0,"Korea, Dem. People's Rep.", .. 
47,West & Central Africa,COD,Democratic Republic of the Congo,DTP1,80.0,82.0,81.0,79.0,81.0,85.0,71.0,82.0,73.0,78.0,71.0,68.0,66.0,53.0,47.0,49.0,49.0,46.0,44.0,41.0,41.0,47.0,51.0,54.0,47.0,39.0,60.0,63.0,66.0,63.0,57.0,62.0,52.0,39.0,40.0,41.0,,"Congo, Dem. Rep.","34,999"
48,Western Europe,DNK,Denmark,DTP1,97.0,96.0,96.0,97.0,97.0,94.0,93.0,90.0,89.0,87.0,93.0,93.0,95.0,98.0,99.0,97.0,98.0,99.0,99.0,97.0,94.0,97.0,96.0,97.0,98.0,98.0,98.0,98.0,97.0,97.0,97.0,99.0,95.0,96.0,97.0,97.0,97.0,Denmark,"306,143"
49,Eastern & Southern Africa,DJI,Djibouti,DTP1,90.0,90.0,93.0,87.0,85.0,89.0,90.0,90.0,90.0,92.0,76.0,73.0,81.0,76.0,72.0,65.0,66.0,63.0,60.0,57.0,66.0,66.0,66.0,66.0,66.0,77.0,95.0,91.0,85.0,50.0,48.0,46.0,45.0,36.0,25.0,,,Djibouti,"1,727"
50,Latin America & Caribbean,DMA,Dominica,DTP1,99.0,99.0,99.0,98.0,98.0,99.0,99.0,99.0,96.0,98.0,98.0,99.0,99.0,99.0,99.0,99.0,99.0,99.0,99.0,97.0,99.0,99.0,99.0,99.0,99.0,98.0,97.0,97.0,98.0,98.0,97.0,97.0,94.0,97.0,99.0,98.0,84.0,Dominica,525
51,Latin America & Caribbean,DOM,Dominican Republic,DTP1,98.0,99.0,95.0,91.0,92.0,91.0,96.0,85.0,86.0,87.0,93.0,92.0,87.0,88.0,92.0,95.0,91.0,95.0,91.0,86.0,88.0,89.0,90.0,91.0,90.0,88.0,87.0,80.0,80.0,93.0,93.0,64.0,59.0,54.0,53.0,52.0,61.0,Dominican Republic,"71,584"
52,Latin America & Caribbean,ECU,Ecuador,DTP1,94.0,80.0,84.0,87.0,88.0,89.0,91.0,98.0,98.0,98.0,96.0,96.0,95.0,95.0,95.0,95.0,94.0,93.0,94.0,93.0,94.0,94.0,94.0,95.0,95.0,81.0,87.0,78.0,77.0,75.0,69.0,66.0,72.0,56.0,60.0,51.0,31.0,Ecuador,"97,802"
53,Middle East & North Africa,EGY,Egypt,DTP1,96.0,94.0,96.0,97.0,94.0,97.0,97.0,97.0,98.0,98.0,98.0,98.0,98.0,98.0,98.0,99.0,98.0,98.0,97.0,96.0,96.0,96.0,94.0,93.0,92.0,91.0,95.0,96.0,95.0,93.0,93.0,94.0,87.0,80.0,80.0,80.0,80.0,"Egypt, Arab Rep.","336,297"
54,Latin America & Caribbean,SLV,El Salvador,DTP1,97.0,93.0,96.0,97.0,92.0,90.0,90.0,97.0,99.0,99.0,98.0,96.0,96.0,98.0,93.0,97.0,99.0,98.0,99.0,98.0,98.0,99.0,96.0,92.0,82.0,82.0,93.0,84.0,84.0,77.0,74.0,78.0,56.0,45.0,67.0,67.0,69.0,El Salvador,"26,797"
55,West & Central Africa,GNQ,Equatorial Guinea,DTP1,40.0,28.0,59.0,49.0,56.0,59.0,59.0,60.0,60.0,61.0,61.0,62.0,62.0,63.0,63.0,64.0,64.0,65.0,94.0,94.0,94.0,94.0,94.0,94.0,95.0,96.0,96.0,72.0,42.0,31.0,21.0,21.0,,,,,,Equatorial Guinea,"10,179"
56,Eastern & Southern Africa,ERI,Eritrea,DTP1,97.0,98.0,97.0,97.0,97.0,99.0,96.0,96.0,98.0,95.0,97.0,99.0,99.0,97.0,94.0,91.0,88.0,97.0,90.0,83.0,75.0,68.0,61.0,49.0,,,,,,,,,,,,,,Eritrea, .. 
57,Western Europe,EST,Estonia,DTP1,94.0,94.0,95.0,96.0,96.0,96.0,96.0,97.0,97.0,98.0,98.0,99.0,98.0,99.0,99.0,99.0,96.0,98.0,97.0,96.0,96.0,94.0,92.0,90.0,,,,,,,,,,,,,,Estonia,"23,137"
58,Eastern & Southern Africa,ETH,Ethiopia,DTP1,86.0,86.0,86.0,84.0,82.0,80.0,77.0,74.0,71.0,67.0,64.0,61.0,58.0,55.0,52.0,50.0,47.0,44.0,61.0,78.0,78.0,80.0,80.0,53.0,35.0,45.0,73.0,51.0,39.0,39.0,27.0,25.0,22.0,22.0,21.0,21.0,,Ethiopia,"72,374"
59,East Asia & Pacific,FJI,Fiji,DTP1,99.0,99.0,99.0,99.0,99.0,99.0,99.0,99.0,99.0,99.0,99.0,99.0,99.0,98.0,98.0,97.0,97.0,96.0,96.0,95.0,98.0,98.0,98.0,98.0,98.0,99.0,98.0,98.0,98.0,96.0,88.0,87.0,91.0,93.0,84.0,88.0,87.0,Fiji,"4,632"
60,Western Europe,FIN,Finland,DTP1,99.0,99.0,99.0,99.0,99.0,99.0,99.0,99.0,99.0,99.0,99.0,99.0,98.0,98.0,99.0,99.0,99.0,99.0,99.0,99.0,99.0,99.0,99.0,99.0,99.0,98.0,96.0,96.0,99.0,98.0,98.0,98.0,98.0,97.0,97.0,97.0,97.0,Finland,"236,785"
61,Western Europe,FRA,France,DTP1,99.0,99.0,99.0,99.0,99.0,99.0,99.0,99.0,99.0,99.0,99.0,99.0,99.0,99.0,99.0,99.0,99.0,99.0,99.0,99.0,98.0,98.0,98.0,97.0,97.0,97.0,97.0,98.0,92.0,96.0,98.0,98.0,97.0,96.0,95.0,92.0,92.0,France,"2,465,454"
62,West & Central Africa,GAB,Gabon,DTP1,83.0,87.0,77.0,80.0,86.0,82.0,82.0,81.0,85.0,86.0,69.0,69.0,69.0,69.0,69.0,69.0,69.0,69.0,72.0,75.0,78.0,81.0,85.0,88.0,92.0,94.0,96.0,96.0,86.0,76.0,66.0,56.0,46.0,36.0,,,,Gabon,"14,214"
63,West & Central Africa,GMB,Gambia,DTP1,99.0,99.0,98.0,99.0,99.0,99.0,99.0,98.0,96.0,98.0,98.0,95.0,96.0,97.0,96.0,97.0,97.0,97.0,98.0,98.0,99.0,99.0,99.0,99.0,97.0,96.0,98.0,96.0,96.0,95.0,93.0,90.0,91.0,88.0,91.0,87.0,89.0,"Gambia, The",965
64,Eastern Europe & Central Asia,GEO,Georgia,DTP1,97.0,97.0,99.0,99.0,94.0,98.0,99.0,99.0,99.0,99.0,99.0,91.0,88.0,95.0,96.0,97.0,89.0,88.0,87.0,88.0,90.0,91.0,80.0,77.0,80.0,,,,,,,,,,,,,Georgia,"14,333"
65,Western Europe,DEU,Germany,DTP1,95.0,95.0,95.0,95.0,95.0,95.0,95.0,98.0,98.0,98.0,98.0,98.0,98.0,99.0,95.0,95.0,95.0,99.0,95.0,95.0,94.0,92.0,90.0,83.0,95.0,93.0,93.0,93.0,93.0,93.0,96.0,93.0,97.0,97.0,98.0,98.0,,Germany,"3,466,757"
66,West & Central Africa,GHA,Ghana,DTP1,94.0,97.0,99.0,94.0,92.0,94.0,96.0,96.0,96.0,96.0,87.0,88.0,88.0,87.0,84.0,81.0,96.0,86.0,87.0,88.0,88.0,88.0,88.0,86.0,83.0,82.0,80.0,75.0,72.0,67.0,60.0,46.0,42.0,47.0,47.0,46.0,27.0,Ghana,"42,690"
67,Western Europe,GRC,Greece,DTP1,99.0,99.0,99.0,99.0,99.0,99.0,99.0,99.0,99.0,99.0,99.0,96.0,96.0,96.0,96.0,96.0,96.0,96.0,96.0,96.0,96.0,96.0,96.0,96.0,96.0,95.0,77.0,77.0,94.0,94.0,93.0,77.0,82.0,89.0,94.0,98.0,89.0,Greece,"194,559"
68,Latin America & Caribbean,GRD,Grenada,DTP1,98.0,94.0,97.0,99.0,99.0,98.0,99.0,99.0,99.0,98.0,97.0,99.0,87.0,99.0,99.0,98.0,99.0,96.0,99.0,98.0,93.0,98.0,97.0,96.0,96.0,95.0,93.0,95.0,85.0,93.0,98.0,82.0,91.0,87.0,79.0,68.0,50.0,Grenada,"1,016"
69,Latin America & Caribbean,GTM,Guatemala,DTP1,96.0,99.0,89.0,97.0,96.0,94.0,96.0,94.0,99.0,88.0,95.0,97.0,98.0,96.0,93.0,93.0,94.0,91.0,94.0,90.0,86.0,91.0,88.0,91.0,86.0,84.0,86.0,74.0,72.0,39.0,62.0,45.0,72.0,69.0,70.0,67.0,68.0,Guatemala,"68,763"
70,West & Central Africa,GIN,Guinea,DTP1,65.0,63.0,60.0,76.0,76.0,76.0,86.0,76.0,64.0,76.0,75.0,75.0,75.0,71.0,68.0,64.0,61.0,57.0,72.0,72.0,72.0,77.0,77.0,77.0,76.0,61.0,40.0,40.0,39.0,37.0,37.0,37.0,37.0,37.0,37.0,,,Guinea,"6,299"
71,West & Central Africa,GNB,Guinea-Bissau,DTP1,95.0,95.0,95.0,95.0,95.0,95.0,94.0,92.0,91.0,89.0,88.0,86.0,84.0,81.0,79.0,76.0,73.0,69.0,76.0,83.0,77.0,70.0,90.0,89.0,86.0,84.0,82.0,86.0,95.0,87.0,88.0,57.0,57.0,45.0,,,,Guinea-Bissau,"1,126"
72,Latin America & Caribbean,GUY,Guyana,DTP1,97.0,96.0,99.0,98.0,99.0,97.0,99.0,99.0,94.0,96.0,95.0,93.0,97.0,93.0,96.0,98.0,97.0,97.0,97.0,96.0,94.0,95.0,96.0,97.0,92.0,93.0,94.0,91.0,84.0,86.0,84.0,91.0,88.0,79.0,77.0,70.0,60.0,Guyana,"3,446"
73,Latin America & Caribbean,HTI,Haiti,DTP1,78.0,80.0,72.0,86.0,87.0,88.0,87.0,86.0,86.0,85.0,84.0,83.0,81.0,79.0,77.0,75.0,73.0,71.0,69.0,66.0,75.0,75.0,75.0,73.0,72.0,70.0,66.0,74.0,72.0,53.0,48.0,42.0,36.0,29.0,35.0,36.0,21.0,Haiti,"8,023"
74,Latin America & Caribbean,HND,Honduras,DTP1,99.0,99.0,99.0,99.0,99.0,99.0,99.0,99.0,96.0,94.0,95.0,99.0,98.0,97.0,98.0,98.0,98.0,98.0,99.0,96.0,97.0,97.0,97.0,97.0,97.0,97.0,94.0,95.0,90.0,80.0,83.0,80.0,66.0,76.0,71.0,59.0,53.0,Honduras,"21,517"
75,Western Europe,HUN,Hungary,DTP1,99.0,99.0,99.0,99.0,99.0,99.0,99.0,99.0,99.0,99.0,99.0,99.0,99.0,99.0,99.0,99.0,99.0,99.0,99.0,99.0,99.0,99.0,99.0,99.0,99.0,99.0,99.0,99.0,99.0,99.0,99.0,99.0,99.0,99.0,99.0,99.0,99.0,Hungary,"124,343"
76,Western Europe,ISL,Iceland,DTP1,96.0,96.0,96.0,97.0,97.0,99.0,98.0,99.0,99.0,97.0,97.0,95.0,99.0,97.0,96.0,95.0,99.0,99.0,99.0,99.0,99.0,99.0,99.0,99.0,99.0,99.0,99.0,99.0,99.0,99.0,99.0,99.0,99.0,97.0,98.0,99.0,99.0,Iceland,"20,047"
77,South Asia,IND,India,DTP1,91.0,90.0,90.0,90.0,89.0,89.0,86.0,84.0,81.0,81.0,81.0,82.0,77.0,76.0,75.0,75.0,74.0,74.0,78.0,82.0,86.0,88.0,86.0,82.0,79.0,80.0,88.0,74.0,65.0,55.0,44.0,41.0,39.0,36.0,33.0,25.0,25.0,India,"2,263,523"
78,East Asia & Pacific,IDN,Indonesia,DTP1,95.0,95.0,95.0,96.0,97.0,98.0,97.0,94.0,92.0,87.0,86.0,85.0,84.0,84.0,83.0,82.0,84.0,86.0,88.0,90.0,89.0,87.0,87.0,86.0,84.0,83.0,82.0,80.0,77.0,74.0,72.0,52.0,35.0,25.0,18.0,18.0,,Indonesia,"932,259"
79,Middle East & North Africa,IRN,Iran (Islamic Republic of),DTP1,99.0,99.0,99.0,98.0,99.0,99.0,99.0,99.0,99.0,99.0,98.0,97.0,99.0,99.0,99.0,96.0,99.0,99.0,99.0,99.0,99.0,98.0,98.0,99.0,98.0,96.0,97.0,94.0,96.0,80.0,80.0,75.0,58.0,58.0,66.0,54.0,57.0,"Iran, Islamic Rep.","393,436"
80,Middle East & North Africa,IRQ,Iraq,DTP1,73.0,73.0,77.0,82.0,87.0,90.0,86.0,88.0,81.0,68.0,76.0,84.0,86.0,87.0,89.0,90.0,92.0,93.0,79.0,89.0,88.0,86.0,84.0,82.0,86.0,90.0,93.0,97.0,98.0,98.0,98.0,98.0,81.0,39.0,41.0,35.0,36.0,Iraq,"171,489"
81,Western Europe,IRL,Ireland,DTP1,98.0,98.0,98.0,98.0,98.0,98.0,98.0,98.0,97.0,97.0,97.0,96.0,96.0,95.0,94.0,94.0,95.0,95.0,94.0,90.0,90.0,90.0,88.0,88.0,87.0,86.0,85.0,85.0,68.0,69.0,69.0,70.0,70.0,67.0,68.0,61.0,59.0,Ireland,"294,054"
82,Middle East & North Africa,ISR,Israel,DTP1,94.0,95.0,95.0,96.0,94.0,94.0,95.0,96.0,94.0,95.0,95.0,93.0,95.0,95.0,95.0,95.0,95.0,95.0,95.0,95.0,97.0,98.0,98.0,98.0,98.0,97.0,97.0,97.0,97.0,97.0,97.0,95.0,95.0,96.0,97.0,97.0,94.0,Israel,"318,744"
83,Western Europe,ITA,Italy,DTP1,97.0,97.0,98.0,98.0,99.0,98.0,98.0,98.0,98.0,99.0,98.0,98.0,98.0,98.0,97.0,97.0,95.0,98.0,98.0,98.0,98.0,98.0,98.0,98.0,98.0,98.0,94.0,,,,,,,,,,,Italy,"1,849,970"
84,Latin America & Caribbean,JAM,Jamaica,DTP1,99.0,97.0,97.0,97.0,98.0,94.0,98.0,91.0,97.0,97.0,96.0,99.0,99.0,98.0,99.0,99.0,97.0,96.0,92.0,96.0,97.0,96.0,97.0,97.0,95.0,95.0,95.0,95.0,94.0,93.0,90.0,82.0,80.0,75.0,59.0,64.0,48.0,Jamaica,"14,027"
85,East Asia & Pacific,JPN,Japan,DTP1,99.0,98.0,98.0,98.0,99.0,99.0,99.0,99.0,99.0,99.0,99.0,99.0,99.0,99.0,98.0,98.0,88.0,88.0,88.0,88.0,99.0,90.0,93.0,95.0,95.0,97.0,96.0,95.0,95.0,95.0,94.0,94.0,94.0,93.0,93.0,91.0,82.0,Japan,"4,939,384"
86,Middle East & North Africa,JOR,Jordan,DTP1,99.0,99.0,98.0,99.0,98.0,98.0,98.0,98.0,98.0,99.0,99.0,98.0,96.0,98.0,96.0,99.0,91.0,86.0,99.0,99.0,99.0,99.0,95.0,93.0,97.0,97.0,97.0,97.0,97.0,96.0,96.0,95.0,93.0,91.0,91.0,93.0,55.0,Jordan,"38,655"
87,Eastern Europe & Central Asia,KAZ,Kazakhstan,DTP1,93.0,99.0,96.0,99.0,99.0,99.0,99.0,98.0,99.0,97.0,99.0,99.0,85.0,99.0,96.0,96.0,98.0,98.0,99.0,98.0,98.0,97.0,91.0,91.0,93.0,,,,,,,,,,,,,Kazakhstan,"133,657"
88,Eastern & Southern Africa,KEN,Kenya,DTP1,96.0,96.0,97.0,95.0,98.0,98.0,93.0,92.0,90.0,89.0,90.0,85.0,87.0,89.0,90.0,84.0,83.0,89.0,93.0,96.0,96.0,96.0,96.0,96.0,96.0,92.0,92.0,92.0,92.0,91.0,89.0,88.0,80.0,,,,,Kenya,"70,529"
89,East Asia & Pacific,KIR,Kiribati,DTP1,82.0,81.0,83.0,95.0,94.0,99.0,97.0,90.0,97.0,99.0,98.0,93.0,75.0,78.0,82.0,85.0,95.0,96.0,96.0,97.0,92.0,82.0,88.0,99.0,95.0,88.0,98.0,92.0,84.0,61.0,62.0,62.0,41.0,65.0,77.0,54.0,68.0,Kiribati,166
90,Middle East & North Africa,KWT,Kuwait,DTP1,99.0,99.0,97.0,99.0,99.0,99.0,98.0,99.0,99.0,99.0,99.0,99.0,99.0,99.0,99.0,99.0,98.0,97.0,98.0,98.0,99.0,99.0,99.0,98.0,96.0,93.0,88.0,97.0,97.0,97.0,97.0,96.0,96.0,96.0,94.0,92.0,86.0,Kuwait,"114,041"
91,Eastern Europe & Central Asia,KGZ,Kyrgyzstan,DTP1,97.0,99.0,96.0,98.0,96.0,97.0,99.0,98.0,99.0,98.0,96.0,98.0,99.0,99.0,99.0,99.0,99.0,99.0,98.0,98.0,98.0,97.0,94.0,84.0,94.0,,,,,,,,,,,,,Kyrgyz Republic,"6,551"
92,East Asia & Pacific,LAO,Lao Peopleís Democratic Republic,DTP1,85.0,93.0,94.0,89.0,87.0,83.0,81.0,76.0,73.0,59.0,68.0,68.0,66.0,72.0,64.0,59.0,83.0,83.0,82.0,82.0,80.0,77.0,72.0,50.0,47.0,46.0,41.0,45.0,40.0,31.0,24.0,22.0,24.0,27.0,27.0,27.0,,Lao PDR,"15,903"
93,Western Europe,LVA,Latvia,DTP1,99.0,98.0,93.0,96.0,92.0,95.0,99.0,98.0,94.0,98.0,98.0,99.0,99.0,98.0,99.0,99.0,99.0,98.0,99.0,99.0,99.0,99.0,99.0,97.0,95.0,,,,,,,,,,,,,Latvia,"27,677"
94,Middle East & North Africa,LBN,Lebanon,DTP1,84.0,84.0,84.0,84.0,84.0,84.0,84.0,84.0,84.0,84.0,84.0,83.0,83.0,83.0,85.0,88.0,90.0,92.0,95.0,97.0,97.0,97.0,97.0,97.0,96.0,95.0,94.0,92.0,84.0,71.0,55.0,40.0,22.0,22.0,22.0,20.0,17.0,Lebanon,"47,537"
95,Eastern & Southern Africa,LSO,Lesotho,DTP1,98.0,98.0,98.0,98.0,98.0,97.0,97.0,96.0,96.0,96.0,96.0,95.0,95.0,95.0,89.0,83.0,87.0,90.0,92.0,93.0,94.0,95.0,94.0,94.0,93.0,92.0,91.0,91.0,90.0,89.0,91.0,92.0,88.0,83.0,79.0,75.0,75.0,Lesotho,"2,200"
96,West & Central Africa,LBR,Liberia,DTP1,99.0,77.0,74.0,97.0,92.0,86.0,80.0,90.0,85.0,80.0,75.0,75.0,65.0,69.0,73.0,76.0,80.0,84.0,,,,,,,,,,,,,,,,,,,,Liberia,"2,101"
97,Middle East & North Africa,LBY,Libya,DTP1,98.0,98.0,96.0,98.0,99.0,99.0,98.0,98.0,98.0,98.0,98.0,98.0,99.0,99.0,97.0,96.0,97.0,97.0,98.0,98.0,98.0,98.0,98.0,98.0,96.0,95.0,94.0,95.0,94.0,94.0,94.0,93.0,93.0,92.0,89.0,86.0,82.0,Libya, .. 
98,Western Europe,LTU,Lithuania,DTP1,97.0,97.0,97.0,97.0,97.0,95.0,98.0,98.0,96.0,99.0,98.0,98.0,94.0,98.0,98.0,98.0,99.0,98.0,97.0,96.0,97.0,96.0,94.0,94.0,92.0,,,,,,,,,,,,,Lithuania,"42,739"
99,Western Europe,LUX,Luxembourg,DTP1,99.0,99.0,99.0,99.0,99.0,99.0,99.0,99.0,99.0,99.0,99.0,99.0,99.0,99.0,99.0,99.0,99.0,98.0,98.0,98.0,98.0,98.0,98.0,97.0,97.0,97.0,96.0,96.0,96.0,98.0,95.0,91.0,87.0,91.0,,,,Luxembourg,"59,948"
100,Eastern & Southern Africa,MDG,Madagascar,DTP1,84.0,79.0,83.0,80.0,80.0,80.0,78.0,80.0,84.0,92.0,93.0,88.0,82.0,79.0,76.0,75.0,74.0,73.0,73.0,73.0,73.0,80.0,86.0,86.0,85.0,77.0,71.0,70.0,67.0,60.0,55.0,47.0,42.0,47.0,37.0,,,Madagascar,"9,991"
101,Eastern & Southern Africa,MWI,Malawi,DTP1,89.0,93.0,97.0,96.0,99.0,98.0,97.0,97.0,97.0,96.0,99.0,99.0,99.0,99.0,94.0,99.0,98.0,98.0,98.0,98.0,96.0,96.0,94.0,97.0,95.0,95.0,95.0,95.0,94.0,92.0,80.0,78.0,80.0,84.0,84.0,86.0,80.0,Malawi,"5,442"
102,East Asia & Pacific,MYS,Malaysia,DTP1,99.0,99.0,99.0,99.0,99.0,98.0,98.0,99.0,99.0,99.0,98.0,98.0,98.0,98.0,98.0,98.0,99.0,99.0,99.0,98.0,98.0,98.0,95.0,91.0,92.0,93.0,95.0,92.0,76.0,78.0,73.0,68.0,67.0,71.0,90.0,86.0,86.0,Malaysia,"296,359"
103,South Asia,MDV,Maldives,DTP1,99.0,99.0,99.0,99.0,99.0,97.0,97.0,99.0,99.0,99.0,98.0,99.0,98.0,98.0,98.0,99.0,98.0,99.0,98.0,98.0,98.0,99.0,98.0,93.0,99.0,98.0,97.0,97.0,95.0,67.0,67.0,53.0,48.0,35.0,18.0,18.0,22.0,Maldives,"3,591"
104,West & Central Africa,MLI,Mali,DTP1,86.0,82.0,92.0,85.0,81.0,80.0,81.0,82.0,85.0,86.0,86.0,87.0,86.0,85.0,82.0,76.0,61.0,67.0,73.0,79.0,77.0,73.0,64.0,71.0,63.0,59.0,67.0,51.0,41.0,28.0,28.0,28.0,,,,,,Mali,"14,045"
105,Western Europe,MLT,Malta,DTP1,97.0,98.0,99.0,99.0,99.0,99.0,97.0,91.0,88.0,84.0,85.0,94.0,92.0,96.0,95.0,98.0,97.0,97.0,97.0,97.0,97.0,97.0,96.0,94.0,94.0,95.0,84.0,72.0,95.0,95.0,95.0,62.0,74.0,,,,,Malta,"10,949"
106,East Asia & Pacific,MHL,Marshall Islands,DTP1,87.0,95.0,97.0,97.0,97.0,99.0,99.0,99.0,99.0,99.0,90.0,89.0,71.0,90.0,90.0,99.0,64.0,85.0,95.0,92.0,92.0,88.0,86.0,79.0,94.0,88.0,97.0,97.0,97.0,,,,,,,,,Marshall Islands,183
107,West & Central Africa,MRT,Mauritania,DTP1,87.0,87.0,88.0,95.0,95.0,91.0,82.0,79.0,88.0,92.0,85.0,85.0,83.0,91.0,96.0,76.0,73.0,70.0,56.0,69.0,89.0,93.0,88.0,82.0,76.0,65.0,69.0,63.0,62.0,55.0,57.0,52.0,45.0,44.0,44.0,41.0,,Mauritania,"4,635"
108,Eastern & Southern Africa,MUS,Mauritius,DTP1,97.0,98.0,97.0,99.0,99.0,99.0,99.0,99.0,99.0,97.0,99.0,99.0,98.0,99.0,96.0,92.0,88.0,91.0,93.0,96.0,96.0,97.0,96.0,96.0,96.0,97.0,95.0,95.0,95.0,94.0,95.0,96.0,95.0,96.0,97.0,94.0,96.0,Mauritius,"12,164"
109,Latin America & Caribbean,MEX,Mexico,DTP1,99.0,99.0,95.0,90.0,99.0,99.0,96.0,98.0,98.0,99.0,99.0,99.0,99.0,99.0,99.0,99.0,99.0,99.0,98.0,98.0,98.0,97.0,97.0,94.0,96.0,96.0,77.0,85.0,82.0,83.0,75.0,65.0,76.0,66.0,65.0,68.0,69.0,Mexico,"1,045,998"
110,East Asia & Pacific,FSM,Micronesia (Federated States of ),DTP1,95.0,95.0,97.0,98.0,97.0,96.0,90.0,97.0,87.0,86.0,83.0,98.0,81.0,97.0,87.0,90.0,92.0,92.0,91.0,91.0,92.0,94.0,93.0,92.0,97.0,92.0,95.0,98.0,95.0,80.0,,,,,,,,"Micronesia, Fed. Sts.",322
111,Western Europe,MCO,Monaco,DTP1,99.0,99.0,99.0,99.0,99.0,99.0,99.0,99.0,99.0,99.0,99.0,99.0,99.0,99.0,99.0,99.0,99.0,99.0,99.0,99.0,99.0,99.0,99.0,99.0,98.0,98.0,99.0,99.0,99.0,,,,,,,,,Monaco, .. 
112,East Asia & Pacific,MNG,Mongolia,DTP1,99.0,99.0,99.0,98.0,99.0,99.0,98.0,95.0,98.0,95.0,99.0,99.0,99.0,98.0,99.0,95.0,95.0,95.0,96.0,97.0,96.0,96.0,92.0,93.0,93.0,93.0,94.0,94.0,94.0,93.0,93.0,93.0,91.0,92.0,92.0,92.0,91.0,Mongolia,"11,160"
113,Eastern Europe & Central Asia,MNE,Montenegro,DTP1,97.0,96.0,97.0,98.0,98.0,98.0,97.0,96.0,98.0,98.0,95.0,,,,,,,,,,,,,,,,,,,,,,,,,,,Montenegro,"4,173"
114,Middle East & North Africa,MAR,Morocco,DTP1,99.0,99.0,99.0,99.0,99.0,99.0,99.0,99.0,99.0,98.0,99.0,99.0,99.0,94.0,98.0,97.0,98.0,93.0,99.0,99.0,91.0,94.0,92.0,90.0,95.0,93.0,93.0,93.0,94.0,95.0,84.0,75.0,70.0,66.0,57.0,,,Morocco,"101,445"
115,Eastern & Southern Africa,MOZ,Mozambique,DTP1,90.0,90.0,92.0,93.0,91.0,91.0,91.0,89.0,87.0,85.0,86.0,87.0,88.0,89.0,88.0,86.0,84.0,82.0,80.0,78.0,76.0,75.0,74.0,73.0,74.0,71.0,71.0,72.0,63.0,64.0,57.0,54.0,57.0,63.0,68.0,79.0,,Mozambique,"11,015"
116,East Asia & Pacific,MMR,Myanmar,DTP1,94.0,94.0,92.0,90.0,89.0,88.0,93.0,93.0,88.0,89.0,86.0,76.0,86.0,80.0,81.0,81.0,87.0,87.0,92.0,96.0,96.0,94.0,91.0,96.0,95.0,94.0,96.0,74.0,53.0,47.0,44.0,39.0,33.0,32.0,29.0,24.0,22.0,Myanmar,"67,430"
117,Eastern & Southern Africa,NAM,Namibia,DTP1,98.0,98.0,92.0,94.0,89.0,88.0,87.0,87.0,88.0,88.0,91.0,93.0,88.0,87.0,86.0,88.0,90.0,90.0,88.0,86.0,88.0,90.0,92.0,90.0,88.0,87.0,,,,,,,,,,,,Namibia,"10,267"
118,East Asia & Pacific,NRU,Nauru,DTP1,98.0,98.0,99.0,99.0,98.0,99.0,99.0,99.0,99.0,99.0,98.0,90.0,93.0,97.0,99.0,98.0,85.0,81.0,78.0,74.0,77.0,79.0,82.0,84.0,86.0,88.0,90.0,91.0,86.0,78.0,82.0,86.0,86.0,,,,,Nauru,102
119,South Asia,NPL,Nepal,DTP1,92.0,94.0,94.0,94.0,90.0,96.0,85.0,94.0,84.0,85.0,93.0,81.0,88.0,82.0,84.0,84.0,84.0,91.0,92.0,92.0,85.0,77.0,77.0,75.0,73.0,71.0,68.0,69.0,70.0,71.0,63.0,57.0,52.0,47.0,41.0,39.0,28.0,Nepal,"21,144"
120,Western Europe,NLD,Netherlands,DTP1,98.0,98.0,98.0,99.0,99.0,99.0,99.0,99.0,99.0,99.0,98.0,98.0,99.0,99.0,99.0,99.0,99.0,99.0,99.0,99.0,98.0,98.0,98.0,98.0,98.0,98.0,98.0,98.0,98.0,98.0,98.0,98.0,98.0,98.0,98.0,98.0,98.0,Netherlands,"770,845"
121,East Asia & Pacific,NZL,New Zealand,DTP1,92.0,93.0,93.0,93.0,94.0,95.0,95.0,94.0,91.0,91.0,92.0,92.0,91.0,91.0,90.0,96.0,96.0,91.0,93.0,95.0,96.0,96.0,94.0,94.0,93.0,93.0,96.0,93.0,87.0,86.0,88.0,89.0,94.0,90.0,90.0,89.0,91.0,New Zealand,"185,017"
122,Latin America & Caribbean,NIC,Nicaragua,DTP1,99.0,99.0,99.0,99.0,99.0,99.0,99.0,99.0,99.0,94.0,94.0,92.0,80.0,86.0,88.0,92.0,97.0,96.0,94.0,93.0,93.0,93.0,93.0,93.0,93.0,91.0,88.0,87.0,72.0,75.0,70.0,64.0,58.0,48.0,52.0,47.0,39.0,Nicaragua,"13,231"
123,West & Central Africa,NER,Niger,DTP1,87.0,85.0,89.0,87.0,87.0,86.0,83.0,81.0,76.0,68.0,63.0,58.0,56.0,53.0,51.0,48.0,46.0,43.0,44.0,45.0,44.0,42.0,41.0,39.0,38.0,36.0,46.0,35.0,29.0,27.0,24.0,22.0,24.0,24.0,25.0,25.0,,Niger,"7,509"
124,West & Central Africa,NGA,Nigeria,DTP1,64.0,64.0,64.0,58.0,51.0,56.0,60.0,73.0,63.0,52.0,49.0,48.0,46.0,45.0,43.0,42.0,42.0,41.0,48.0,70.0,51.0,59.0,69.0,54.0,68.0,64.0,79.0,72.0,61.0,54.0,46.0,39.0,29.0,,,,,Nigeria,"405,083"
125,East Asia & Pacific,NIU,Niue,DTP1,99.0,99.0,99.0,99.0,99.0,99.0,99.0,99.0,99.0,98.0,99.0,94.0,99.0,99.0,99.0,99.0,99.0,99.0,99.0,99.0,99.0,99.0,99.0,99.0,99.0,99.0,99.0,99.0,99.0,99.0,93.0,83.0,68.0,56.0,44.0,28.0,27.0,,
126,Western Europe,NOR,Norway,DTP1,99.0,99.0,99.0,99.0,99.0,99.0,99.0,99.0,99.0,99.0,99.0,99.0,99.0,99.0,99.0,99.0,99.0,99.0,99.0,99.0,98.0,98.0,97.0,97.0,98.0,98.0,95.0,94.0,94.0,93.0,94.0,95.0,96.0,96.0,,,,Norway,"370,557"
127,Middle East & North Africa,OMN,Oman,DTP1,99.0,99.0,99.0,99.0,99.0,99.0,99.0,99.0,99.0,99.0,98.0,99.0,99.0,99.0,99.0,99.0,99.0,99.0,99.0,99.0,99.0,99.0,98.0,98.0,99.0,98.0,98.0,98.0,96.0,96.0,94.0,82.0,70.0,56.0,48.0,42.0,41.0,Oman,"66,293"
128,South Asia,PAK,Pakistan,DTP1,79.0,79.0,79.0,79.0,79.0,84.0,88.0,88.0,84.0,89.0,89.0,81.0,75.0,77.0,77.0,75.0,72.0,70.0,67.0,65.0,62.0,73.0,64.0,62.0,67.0,74.0,77.0,65.0,63.0,61.0,59.0,55.0,47.0,37.0,24.0,21.0,20.0,Pakistan,"283,660"
129,East Asia & Pacific,PLW,Palau,DTP1,99.0,99.0,99.0,99.0,99.0,99.0,99.0,99.0,99.0,99.0,98.0,98.0,99.0,99.0,99.0,98.0,98.0,96.0,96.0,97.0,98.0,99.0,86.0,96.0,97.0,98.0,99.0,92.0,99.0,93.0,98.0,,,,,,,Palau,293
130,Latin America & Caribbean,PAN,Panama,DTP1,96.0,96.0,96.0,93.0,99.0,98.0,96.0,95.0,93.0,97.0,96.0,95.0,98.0,99.0,99.0,99.0,99.0,96.0,99.0,98.0,97.0,95.0,94.0,94.0,91.0,94.0,95.0,88.0,91.0,89.0,88.0,90.0,81.0,82.0,82.0,92.0,72.0,Panama,"55,188"
131,East Asia & Pacific,PNG,Papua New Guinea,DTP1,87.0,83.0,87.0,88.0,85.0,83.0,80.0,80.0,70.0,76.0,85.0,80.0,81.0,88.0,81.0,77.0,84.0,82.0,85.0,87.0,80.0,97.0,91.0,93.0,82.0,93.0,97.0,77.0,72.0,69.0,69.0,65.0,59.0,52.0,54.0,57.0,57.0,Papua New Guinea,"16,929"
132,Latin America & Caribbean,PRY,Paraguay,DTP1,99.0,99.0,98.0,93.0,96.0,96.0,96.0,94.0,96.0,99.0,99.0,97.0,94.0,95.0,95.0,96.0,95.0,85.0,88.0,91.0,89.0,87.0,88.0,86.0,90.0,86.0,86.0,82.0,79.0,80.0,77.0,80.0,86.0,70.0,59.0,53.0,40.0,Paraguay,"27,441"
133,Latin America & Caribbean,PER,Peru,DTP1,94.0,97.0,98.0,97.0,99.0,94.0,97.0,97.0,97.0,93.0,96.0,94.0,93.0,98.0,98.0,91.0,99.0,99.0,94.0,96.0,97.0,96.0,95.0,95.0,94.0,88.0,89.0,80.0,82.0,68.0,74.0,72.0,53.0,47.0,47.0,44.0,39.0,Peru,"192,094"
134,East Asia & Pacific,PHL,Philippines,DTP1,87.0,69.0,78.0,93.0,91.0,92.0,81.0,89.0,94.0,90.0,90.0,91.0,92.0,86.0,84.0,92.0,92.0,91.0,91.0,90.0,82.0,76.0,81.0,86.0,91.0,96.0,96.0,95.0,92.0,90.0,86.0,81.0,80.0,78.0,77.0,77.0,72.0,Philippines,"304,905"
135,Western Europe,POL,Poland,DTP1,99.0,99.0,99.0,99.0,99.0,99.0,99.0,99.0,99.0,99.0,99.0,99.0,99.0,99.0,99.0,99.0,99.0,99.0,99.0,99.0,98.0,98.0,98.0,98.0,98.0,98.0,98.0,98.0,98.0,98.0,98.0,97.0,98.0,98.0,98.0,98.0,98.0,Poland,"469,509"
136,Western Europe,PRT,Portugal,DTP1,99.0,99.0,99.0,99.0,99.0,97.0,99.0,97.0,99.0,99.0,99.0,94.0,98.0,99.0,98.0,99.0,99.0,98.0,98.0,97.0,98.0,97.0,98.0,97.0,97.0,98.0,96.0,96.0,93.0,94.0,93.0,89.0,92.0,92.0,92.0,91.0,90.0,Portugal,"204,565"
137,Middle East & North Africa,QAT,Qatar,DTP1,99.0,99.0,99.0,99.0,95.0,94.0,98.0,99.0,97.0,96.0,99.0,99.0,99.0,96.0,96.0,95.0,92.0,94.0,95.0,97.0,97.0,97.0,97.0,96.0,96.0,95.0,94.0,93.0,87.0,89.0,89.0,88.0,82.0,73.0,62.0,68.0,82.0,Qatar,"152,469"
138,East Asia & Pacific,KOR,Republic of Korea,DTP1,98.0,99.0,99.0,99.0,99.0,99.0,96.0,96.0,95.0,95.0,98.0,98.0,95.0,97.0,97.0,97.0,97.0,96.0,94.0,93.0,96.0,99.0,97.0,96.0,94.0,92.0,90.0,96.0,80.0,80.0,91.0,91.0,91.0,87.0,82.0,82.0,,"Korea, Rep.","1,411,246"
139,Eastern Europe & Central Asia,MDA,Republic of Moldova,DTP1,94.0,88.0,94.0,96.0,97.0,96.0,93.0,88.0,96.0,95.0,97.0,98.0,99.0,99.0,99.0,97.0,98.0,99.0,99.0,98.0,98.0,98.0,95.0,88.0,94.0,,,,,,,,,,,,,Moldova,"6,750"
140,Eastern Europe & Central Asia,ROU,Romania,DTP1,96.0,96.0,98.0,97.0,97.0,96.0,98.0,98.0,98.0,98.0,99.0,99.0,99.0,99.0,99.0,99.0,99.0,99.0,99.0,99.0,98.0,98.0,98.0,97.0,98.0,98.0,98.0,98.0,98.0,97.0,96.0,98.0,,,,,,Romania,"186,691"
141,Eastern Europe & Central Asia,RUS,Russian Federation,DTP1,97.0,97.0,97.0,97.0,97.0,97.0,97.0,99.0,99.0,99.0,99.0,99.0,97.0,97.0,97.0,97.0,97.0,97.0,96.0,96.0,94.0,92.0,96.0,92.0,89.0,,,,,,,,,,,,,Russian Federation,"1,283,162"
142,Eastern & Southern Africa,RWA,Rwanda,DTP1,99.0,99.0,99.0,99.0,99.0,98.0,98.0,98.0,97.0,99.0,99.0,95.0,94.0,97.0,95.0,94.0,93.0,93.0,92.0,90.0,96.0,94.0,47.0,94.0,95.0,97.0,94.0,94.0,93.0,96.0,95.0,74.0,78.0,81.0,63.0,40.0,,Rwanda,"8,376"
143,Latin America & Caribbean,KNA,Saint Kitts and Nevis,DTP1,99.0,96.0,99.0,99.0,99.0,99.0,98.0,99.0,99.0,99.0,99.0,99.0,98.0,98.0,99.0,99.0,99.0,99.0,99.0,99.0,99.0,99.0,99.0,99.0,99.0,99.0,99.0,99.0,97.0,98.0,99.0,97.0,98.0,96.0,97.0,86.0,79.0,St. Kitts and Nevis,917
144,Latin America & Caribbean,LCA,Saint Lucia,DTP1,95.0,99.0,99.0,99.0,99.0,99.0,98.0,99.0,99.0,99.0,94.0,99.0,99.0,90.0,99.0,99.0,76.0,96.0,91.0,98.0,96.0,98.0,97.0,98.0,98.0,98.0,96.0,97.0,92.0,95.0,92.0,95.0,94.0,93.0,92.0,84.0,79.0,St. Lucia,"1,379"
145,Latin America & Caribbean,VCT,Saint Vincent and The Grenadines,DTP1,99.0,99.0,99.0,99.0,98.0,98.0,99.0,99.0,99.0,99.0,99.0,99.0,99.0,99.0,99.0,99.0,99.0,98.0,99.0,99.0,99.0,98.0,99.0,99.0,99.0,99.0,98.0,98.0,98.0,98.0,98.0,96.0,95.0,93.0,86.0,57.0,51.0,St. Vincent and the Grenadines,771
146,East Asia & Pacific,WSM,Samoa,DTP1,95.0,89.0,88.0,89.0,88.0,91.0,91.0,86.0,48.0,85.0,80.0,87.0,91.0,96.0,99.0,99.0,97.0,97.0,98.0,98.0,98.0,97.0,97.0,97.0,97.0,92.0,96.0,86.0,96.0,97.0,97.0,96.0,98.0,96.0,95.0,86.0,54.0,Samoa,786
147,Western Europe,SMR,San Marino,DTP1,78.0,77.0,82.0,72.0,98.0,90.0,80.0,95.0,89.0,92.0,98.0,98.0,99.0,98.0,96.0,96.0,97.0,99.0,,99.0,99.0,99.0,96.0,99.0,99.0,99.0,99.0,99.0,99.0,99.0,99.0,99.0,99.0,99.0,,,,San Marino, .. 
148,West & Central Africa,STP,Sao Tome and Principe,DTP1,97.0,98.0,98.0,99.0,98.0,98.0,98.0,99.0,99.0,99.0,99.0,99.0,99.0,98.0,94.0,97.0,89.0,90.0,89.0,90.0,87.0,92.0,94.0,82.0,87.0,95.0,97.0,84.0,91.0,89.0,85.0,72.0,73.0,51.0,59.0,67.0,,São Tomé and Principe,351
149,Middle East & North Africa,SAU,Saudi Arabia,DTP1,98.0,98.0,99.0,98.0,98.0,99.0,98.0,98.0,98.0,97.0,97.0,97.0,96.0,96.0,97.0,99.0,95.0,94.0,95.0,94.0,97.0,98.0,98.0,97.0,97.0,97.0,97.0,98.0,96.0,96.0,95.0,93.0,91.0,86.0,83.0,77.0,66.0,Saudi Arabia,"646,438"
150,West & Central Africa,SEN,Senegal,DTP1,96.0,94.0,94.0,96.0,96.0,97.0,96.0,94.0,94.0,97.0,99.0,97.0,95.0,81.0,70.0,79.0,79.0,78.0,79.0,81.0,88.0,93.0,80.0,80.0,77.0,75.0,75.0,72.0,81.0,80.0,77.0,,,,,,,Senegal,"14,765"
151,Eastern Europe & Central Asia,SRB,Serbia,DTP1,97.0,98.0,97.0,98.0,97.0,98.0,97.0,98.0,98.0,98.0,97.0,99.0,91.0,91.0,98.0,95.0,97.0,97.0,97.0,97.0,97.0,96.0,95.0,95.0,94.0,,,,,,,,,,,,,Serbia,"37,745"
152,Eastern & Southern Africa,SYC,Seychelles,DTP1,98.0,99.0,99.0,99.0,98.0,99.0,99.0,99.0,99.0,99.0,99.0,99.0,99.0,99.0,99.0,99.0,99.0,99.0,99.0,98.0,99.0,98.0,98.0,98.0,98.0,98.0,99.0,98.0,97.0,96.0,97.0,95.0,98.0,98.0,78.0,35.0,,Seychelles,"1,427"
153,West & Central Africa,SLE,Sierra Leone,DTP1,97.0,95.0,88.0,98.0,98.0,97.0,95.0,94.0,84.0,77.0,79.0,80.0,82.0,90.0,89.0,58.0,64.0,68.0,,,,,,,,,,,,,,,,,,,,Sierra Leone,"3,669"
154,East Asia & Pacific,SGP,Singapore,DTP1,98.0,98.0,98.0,98.0,98.0,97.0,98.0,98.0,98.0,98.0,96.0,96.0,96.0,96.0,98.0,98.0,98.0,98.0,98.0,98.0,94.0,98.0,95.0,97.0,96.0,97.0,95.0,96.0,96.0,98.0,97.0,92.0,91.0,94.0,94.0,95.0,94.0,Singapore,"296,966"
155,Western Europe,SVK,Slovakia,DTP1,99.0,99.0,99.0,99.0,99.0,99.0,99.0,99.0,99.0,99.0,99.0,99.0,99.0,99.0,99.0,99.0,99.0,99.0,99.0,99.0,99.0,99.0,99.0,,,,,,,,,,,,,,,Slovak Republic,"89,552"
156,Western Europe,SVN,Slovenia,DTP1,98.0,98.0,98.0,98.0,98.0,98.0,98.0,98.0,99.0,99.0,99.0,98.0,98.0,98.0,96.0,96.0,96.0,96.0,97.0,97.0,98.0,98.0,98.0,98.0,98.0,,,,,,,,,,,,,Slovenia,"43,991"
157,East Asia & Pacific,SLB,Solomon Islands,DTP1,99.0,99.0,95.0,99.0,99.0,99.0,97.0,94.0,90.0,96.0,99.0,93.0,91.0,86.0,82.0,84.0,95.0,96.0,88.0,89.0,89.0,87.0,87.0,85.0,88.0,91.0,91.0,86.0,87.0,86.0,67.0,63.0,70.0,52.0,47.0,60.0,71.0,Solomon Islands,"1,202"
158,Eastern & Southern Africa,SOM,Somalia,DTP1,52.0,52.0,52.0,52.0,52.0,52.0,55.0,52.0,40.0,59.0,40.0,50.0,50.0,65.0,60.0,57.0,57.0,59.0,51.0,42.0,45.0,46.0,47.0,46.0,45.0,44.0,42.0,41.0,51.0,50.0,40.0,46.0,31.0,24.0,24.0,20.0,,Somalia,"6,217"
159,Eastern & Southern Africa,ZAF,South Africa,DTP1,78.0,83.0,85.0,81.0,72.0,80.0,80.0,81.0,81.0,83.0,82.0,83.0,80.0,77.0,80.0,82.0,85.0,88.0,90.0,93.0,90.0,89.0,90.0,93.0,92.0,93.0,89.0,88.0,88.0,89.0,88.0,91.0,91.0,90.0,,,,South Africa,"294,841"
160,Eastern & Southern Africa,SSD,South Sudan,DTP1,35.0,37.0,49.0,57.0,71.0,79.0,,,,,,,,,,,,,,,,,,,,,,,,,,,,,,,,South Sudan,"9,015"
161,Western Europe,ESP,Spain,DTP1,99.0,99.0,99.0,98.0,99.0,99.0,99.0,98.0,99.0,98.0,99.0,98.0,99.0,99.0,99.0,98.0,98.0,98.0,98.0,98.0,96.0,96.0,96.0,95.0,94.0,95.0,95.0,97.0,97.0,91.0,96.0,92.0,98.0,,,,,Spain,"1,232,088"
162,South Asia,LKA,Sri Lanka,DTP1,99.0,99.0,99.0,99.0,99.0,99.0,99.0,97.0,99.0,99.0,99.0,99.0,98.0,99.0,99.0,99.0,99.0,99.0,97.0,98.0,97.0,97.0,96.0,96.0,96.0,95.0,95.0,95.0,94.0,91.0,91.0,88.0,86.0,84.0,80.0,70.0,71.0,Sri Lanka,"81,322"
163,Middle East & North Africa,PSE,State of Palestine,DTP1,99.0,99.0,99.0,99.0,98.0,99.0,99.0,99.0,99.0,99.0,99.0,99.0,99.0,99.0,99.0,97.0,95.0,96.0,99.0,98.0,98.0,99.0,98.0,97.0,,,,,,,,,,,,,,West Bank and Gaza,"13,397"
164,Eastern & Southern Africa,SDN,Sudan,DTP1,97.0,97.0,98.0,97.0,97.0,97.0,99.0,92.0,96.0,95.0,91.0,88.0,82.0,83.0,75.0,79.0,75.0,66.0,71.0,78.0,79.0,72.0,71.0,75.0,77.0,83.0,83.0,82.0,65.0,52.0,36.0,28.0,22.0,21.0,20.0,18.0,18.0,Sudan,"95,584"
165,Latin America & Caribbean,SUR,Suriname,DTP1,92.0,90.0,91.0,91.0,94.0,90.0,99.0,91.0,95.0,96.0,94.0,93.0,92.0,81.0,86.0,90.0,90.0,90.0,93.0,95.0,93.0,94.0,90.0,91.0,90.0,91.0,94.0,89.0,84.0,88.0,93.0,94.0,93.0,95.0,82.0,52.0,50.0,Suriname,"3,621"
166,Eastern & Southern Africa,SWZ,Swaziland,DTP1,96.0,96.0,99.0,99.0,97.0,98.0,95.0,95.0,96.0,95.0,95.0,95.0,95.0,95.0,95.0,95.0,94.0,94.0,94.0,94.0,94.0,94.0,98.0,96.0,97.0,92.0,96.0,96.0,96.0,95.0,90.0,82.0,74.0,68.0,64.0,55.0,,Swaziland,"3,727"
167,Western Europe,SWE,Sweden,DTP1,99.0,99.0,99.0,99.0,99.0,99.0,99.0,99.0,99.0,99.0,99.0,99.0,99.0,99.0,99.0,99.0,99.0,99.0,99.0,99.0,99.0,99.0,99.0,99.0,99.0,99.0,99.0,99.0,99.0,99.0,99.0,99.0,99.0,99.0,99.0,99.0,99.0,Sweden,"511,000"
168,Western Europe,CHE,Switzerland,DTP1,99.0,99.0,98.0,98.0,98.0,98.0,95.0,95.0,95.0,95.0,95.0,95.0,95.0,95.0,95.0,95.0,95.0,95.0,93.0,93.0,93.0,93.0,93.0,93.0,93.0,93.0,96.0,96.0,96.0,96.0,96.0,,,,,,,Switzerland,"659,827"
169,Middle East & North Africa,SYR,Syrian Arab Republic,DTP1,61.0,62.0,65.0,55.0,68.0,86.0,89.0,89.0,88.0,88.0,88.0,88.0,89.0,90.0,92.0,90.0,90.0,93.0,94.0,95.0,96.0,96.0,97.0,98.0,95.0,95.0,93.0,99.0,83.0,71.0,90.0,54.0,50.0,45.0,37.0,36.0,35.0,Syrian Arab Republic, .. 
170,Eastern Europe & Central Asia,TJK,Tajikistan,DTP1,98.0,97.0,98.0,98.0,96.0,98.0,95.0,96.0,92.0,88.0,92.0,92.0,93.0,92.0,92.0,89.0,88.0,88.0,87.0,85.0,80.0,86.0,93.0,84.0,89.0,,,,,,,,,,,,,Tajikistan,"6,952"
171,East Asia & Pacific,THA,Thailand,DTP1,99.0,99.0,99.0,99.0,99.0,99.0,99.0,99.0,99.0,99.0,99.0,99.0,99.0,99.0,98.0,98.0,98.0,99.0,98.0,98.0,97.0,98.0,97.0,96.0,95.0,96.0,97.0,96.0,93.0,91.0,86.0,83.0,77.0,73.0,73.0,76.0,73.0,Thailand,"406,840"
172,Eastern Europe & Central Asia,MKD,The former Yugoslav Republic of Macedonia,DTP1,97.0,98.0,98.0,99.0,98.0,97.0,97.0,96.0,96.0,95.0,95.0,99.0,96.0,99.0,99.0,95.0,98.0,98.0,98.0,98.0,97.0,98.0,96.0,96.0,,,,,,,,,,,,,,"Macedonia, FYR","10,900"
173,East Asia & Pacific,TLS,Timor-Leste,DTP1,95.0,82.0,83.0,88.0,84.0,70.0,76.0,77.0,85.0,76.0,71.0,64.0,65.0,65.0,68.0,,,,,,,,,,,,,,,,,,,,,,,Timor-Leste,"1,442"
174,West & Central Africa,TGO,Togo,DTP1,93.0,92.0,91.0,94.0,94.0,94.0,97.0,93.0,92.0,94.0,91.0,91.0,83.0,83.0,75.0,63.0,80.0,81.0,74.0,67.0,70.0,74.0,77.0,80.0,83.0,87.0,90.0,93.0,84.0,92.0,59.0,48.0,32.0,41.0,36.0,29.0,,Togo,"4,400"
175,East Asia & Pacific,TON,Tonga,DTP1,83.0,86.0,86.0,86.0,81.0,86.0,86.0,87.0,90.0,91.0,92.0,94.0,95.0,96.0,94.0,99.0,99.0,99.0,98.0,98.0,99.0,98.0,96.0,98.0,99.0,96.0,97.0,97.0,97.0,99.0,91.0,97.0,75.0,84.0,76.0,62.0,65.0,Tonga,395
176,Latin America & Caribbean,TTO,Trinidad and Tobago,DTP1,97.0,98.0,93.0,94.0,97.0,96.0,96.0,95.0,91.0,90.0,93.0,98.0,98.0,93.0,98.0,91.0,90.0,92.0,94.0,96.0,96.0,96.0,95.0,93.0,95.0,94.0,94.0,91.0,94.0,92.0,88.0,91.0,85.0,82.0,77.0,83.0,51.0,Trinidad and Tobago,"20,989"
177,Middle East & North Africa,TUN,Tunisia,DTP1,99.0,98.0,98.0,99.0,99.0,98.0,98.0,99.0,99.0,99.0,99.0,98.0,97.0,96.0,96.0,99.0,99.0,99.0,97.0,98.0,98.0,97.0,97.0,97.0,98.0,97.0,97.0,97.0,97.0,94.0,89.0,88.0,86.0,83.0,,,,Tunisia,"42,063"
178,Eastern Europe & Central Asia,TUR,Turkey,DTP1,99.0,98.0,97.0,99.0,97.0,98.0,98.0,97.0,97.0,98.0,92.0,92.0,86.0,76.0,82.0,95.0,92.0,92.0,93.0,92.0,89.0,86.0,95.0,91.0,91.0,89.0,94.0,92.0,95.0,95.0,70.0,78.0,79.0,79.0,80.0,84.0,67.0,Turkey,"857,749"
179,Eastern Europe & Central Asia,TKM,Turkmenistan,DTP1,99.0,99.0,99.0,99.0,98.0,98.0,99.0,98.0,98.0,99.0,99.0,99.0,98.0,96.0,99.0,96.0,97.0,99.0,99.0,98.0,98.0,97.0,96.0,90.0,94.0,,,,,,,,,,,,,Turkmenistan,"36,180"
180,East Asia & Pacific,TUV,Tuvalu,DTP1,99.0,99.0,99.0,99.0,99.0,99.0,99.0,97.0,99.0,99.0,99.0,99.0,99.0,99.0,99.0,99.0,93.0,84.0,98.0,91.0,98.0,95.0,99.0,94.0,88.0,90.0,99.0,95.0,96.0,81.0,90.0,76.0,62.0,92.0,89.0,73.0,61.0,Tuvalu,34
181,Eastern & Southern Africa,UGA,Uganda,DTP1,89.0,89.0,89.0,89.0,89.0,91.0,87.0,96.0,87.0,93.0,85.0,90.0,88.0,86.0,84.0,82.0,80.0,78.0,79.0,79.0,80.0,81.0,82.0,80.0,77.0,75.0,72.0,70.0,67.0,55.0,45.0,36.0,36.0,36.0,33.0,29.0,,Uganda,"25,528"
182,Eastern Europe & Central Asia,UKR,Ukraine,DTP1,42.0,59.0,59.0,76.0,76.0,50.0,52.0,71.0,90.0,99.0,99.0,99.0,99.0,99.0,99.0,99.0,99.0,99.0,98.0,99.0,99.0,98.0,98.0,97.0,96.0,,,,,,,,,,,,,Ukraine,"93,270"
183,Middle East & North Africa,ARE,United Arab Emirates,DTP1,99.0,99.0,99.0,98.0,96.0,95.0,94.0,95.0,96.0,97.0,97.0,97.0,96.0,96.0,96.0,96.0,96.0,96.0,97.0,97.0,96.0,96.0,96.0,96.0,95.0,95.0,95.0,94.0,94.0,93.0,92.0,91.0,81.0,74.0,68.0,70.0,32.0,United Arab Emirates,"348,743"
184,Western Europe,GBR,United Kingdom of Great Britain and Northern Ireland,DTP1,98.0,98.0,98.0,98.0,98.0,98.0,98.0,97.0,97.0,97.0,97.0,97.0,97.0,97.0,97.0,97.0,97.0,97.0,97.0,97.0,97.0,97.0,97.0,97.0,97.0,96.0,94.0,92.0,91.0,90.0,86.0,85.0,85.0,81.0,77.0,71.0,66.0,United Kingdom,"2,618,886"
185,Eastern & Southern Africa,TZA,United Republic of Tanzania,DTP1,99.0,99.0,99.0,99.0,99.0,96.0,98.0,90.0,88.0,89.0,94.0,95.0,99.0,99.0,96.0,95.0,92.0,90.0,96.0,92.0,94.0,93.0,94.0,94.0,94.0,93.0,92.0,91.0,95.0,92.0,90.0,86.0,80.0,76.0,74.0,78.0,81.0,Tanzania,"47,431"
186,North America,USA,United States of America,DTP1,97.0,97.0,97.0,97.0,96.0,97.0,97.0,97.0,98.0,98.0,98.0,98.0,98.0,98.0,96.0,98.0,99.0,99.0,98.0,98.0,98.0,98.0,97.0,96.0,94.0,95.0,96.0,97.0,98.0,98.0,98.0,98.0,98.0,98.0,98.0,98.0,98.0,United States,"18,569,100"
187,Latin America & Caribbean,URY,Uruguay,DTP1,97.0,99.0,99.0,98.0,98.0,99.0,98.0,99.0,98.0,98.0,99.0,99.0,98.0,98.0,99.0,99.0,92.0,94.0,95.0,97.0,97.0,97.0,97.0,97.0,97.0,98.0,98.0,96.0,94.0,95.0,88.0,84.0,83.0,90.0,86.0,80.0,77.0,Uruguay,"52,420"
188,Eastern Europe & Central Asia,UZB,Uzbekistan,DTP1,99.0,99.0,99.0,99.0,99.0,99.0,99.0,99.0,99.0,98.0,96.0,99.0,99.0,99.0,99.0,99.0,99.0,99.0,99.0,98.0,98.0,96.0,86.0,83.0,94.0,,,,,,,,,,,,,Uzbekistan,"67,220"
189,East Asia & Pacific,VUT,Vanuatu,DTP1,75.0,75.0,75.0,75.0,75.0,76.0,76.0,77.0,77.0,78.0,78.0,79.0,80.0,82.0,83.0,84.0,85.0,87.0,88.0,89.0,86.0,90.0,90.0,95.0,91.0,94.0,91.0,82.0,80.0,79.0,56.0,55.0,53.0,52.0,46.0,,,Vanuatu,774
190,Latin America & Caribbean,VEN,Venezuela (Bolivarian Republic of),DTP1,98.0,98.0,88.0,90.0,90.0,90.0,90.0,86.0,87.0,70.0,79.0,98.0,93.0,88.0,79.0,82.0,92.0,99.0,90.0,82.0,80.0,87.0,84.0,87.0,86.0,84.0,84.0,80.0,79.0,80.0,80.0,73.0,58.0,80.0,77.0,77.0,79.0,"Venezuela, RB", .. 
191,East Asia & Pacific,VNM,Viet Nam,DTP1,96.0,98.0,95.0,83.0,99.0,97.0,93.0,97.0,97.0,92.0,94.0,98.0,98.0,99.0,85.0,99.0,97.0,97.0,98.0,98.0,97.0,97.0,97.0,97.0,96.0,96.0,96.0,96.0,88.0,74.0,68.0,67.0,24.0,22.0,,,,Vietnam,"202,616"
192,Middle East & North Africa,YEM,Yemen,DTP1,76.0,77.0,82.0,82.0,77.0,79.0,84.0,84.0,85.0,88.0,86.0,88.0,89.0,77.0,72.0,87.0,88.0,84.0,75.0,65.0,72.0,69.0,58.0,77.0,74.0,61.0,94.0,79.0,61.0,41.0,35.0,33.0,27.0,24.0,22.0,21.0,18.0,"Yemen, Rep.","27,318"
193,Eastern & Southern Africa,ZMB,Zambia,DTP1,99.0,97.0,96.0,86.0,86.0,87.0,92.0,96.0,95.0,93.0,92.0,92.0,93.0,93.0,94.0,94.0,94.0,94.0,94.0,94.0,94.0,97.0,96.0,95.0,94.0,94.0,97.0,94.0,94.0,94.0,86.0,86.0,81.0,73.0,,,,Zambia,"19,551"
194,Eastern & Southern Africa,ZWE,Zimbabwe,DTP1,94.0,94.0,98.0,98.0,99.0,99.0,95.0,87.0,89.0,86.0,83.0,80.0,77.0,79.0,81.0,83.0,84.0,86.0,88.0,95.0,96.0,96.0,95.0,95.0,95.0,95.0,96.0,95.0,95.0,94.0,91.0,84.0,82.0,77.0,71.0,64.0,,Zimbabwe,"16,289"
195,,HKG,,,,,,,,,,,,,,,,,,,,,,,,,,,,,,,,,,,,,,,,"Hong Kong SAR, China","320,912"
196,,MAC,,,,,,,,,,,,,,,,,,,,,,,,,,,,,,,,,,,,,,,,"Macao SAR, China","44,803"
197,,IMN,,,,,,,,,,,,,,,,,,,,,,,,,,,,,,,,,,,,,,,,Isle of Man,"7,428"
198,,LIE,,,,,,,,,,,,,,,,,,,,,,,,,,,,,,,,,,,,,,,,Liechtenstein,"6,664"
199,,XKX,,,,,,,,,,,,,,,,,,,,,,,,,,,,,,,,,,,,,,,,Kosovo,"6,650"
200,,GUM,,,,,,,,,,,,,,,,,,,,,,,,,,,,,,,,,,,,,,,,Guam,"5,734"
201,,VIR,,,,,,,,,,,,,,,,,,,,,,,,,,,,,,,,,,,,,,,,Virgin Islands (U.S.),"3,765"
202,,GRL,,,,,,,,,,,,,,,,,,,,,,,,,,,,,,,,,,,,,,,,Greenland,"2,220"
203,,MNP,,,,,,,,,,,,,,,,,,,,,,,,,,,,,,,,,,,,,,,,Northern Mariana Islands,922
204,,ASM,,,,,,,,,,,,,,,,,,,,,,,,,,,,,,,,,,,,,,,,American Samoa,641
205,,,,,,,,,,,,,,,,,,,,,,,,,,,,,,,,,,,,,,,,,,,
206,,,,,,,,,,,,,,,,,,,,,,,,,,,,,,,,,,,,,,,,,,,
207,,,,,,,,,,,,,,,,,,,,,,,,,,,,,,,,,,,,,,,,,,,
208,,,,,,,,,,,,,,,,,,,,,,,,,,,,,,,,,,,,,,,,,,,
209,,ABW,,,,,,,,,,,,,,,,,,,,,,,,,,,,,,,,,,,,,,,,Aruba, .. 
210,,BMU,,,,,,,,,,,,,,,,,,,,,,,,,,,,,,,,,,,,,,,,Bermuda, .. 
211,,VGB,,,,,,,,,,,,,,,,,,,,,,,,,,,,,,,,,,,,,,,,British Virgin Islands, .. 
212,,CYM,,,,,,,,,,,,,,,,,,,,,,,,,,,,,,,,,,,,,,,,Cayman Islands, .. 
213,,CHI,,,,,,,,,,,,,,,,,,,,,,,,,,,,,,,,,,,,,,,,Channel Islands, .. 
214,,CUW,,,,,,,,,,,,,,,,,,,,,,,,,,,,,,,,,,,,,,,,Curaçao, .. 
215,,FRO,,,,,,,,,,,,,,,,,,,,,,,,,,,,,,,,,,,,,,,,Faroe Islands, .. 
216,,PYF,,,,,,,,,,,,,,,,,,,,,,,,,,,,,,,,,,,,,,,,French Polynesia, .. 
217,,GIB,,,,,,,,,,,,,,,,,,,,,,,,,,,,,,,,,,,,,,,,Gibraltar, .. 
218,,NCL,,,,,,,,,,,,,,,,,,,,,,,,,,,,,,,,,,,,,,,,New Caledonia, .. 
219,,PRI,,,,,,,,,,,,,,,,,,,,,,,,,,,,,,,,,,,,,,,,Puerto Rico, .. 
220,,SXM,,,,,,,,,,,,,,,,,,,,,,,,,,,,,,,,,,,,,,,,Sint Maarten (Dutch part), .. 
221,,MAF,,,,,,,,,,,,,,,,,,,,,,,,,,,,,,,,,,,,,,,,St. Martin (French part), .. 
222,,TCA,,,,,,,,,,,,,,,,,,,,,,,,,,,,,,,,,,,,,,,,Turks and Caicos Islands, .. 
223,,WLD,,,,,,,,,,,,,,,,,,,,,,,,,,,,,,,,,,,,,,,,World,"75,641,577"
224,,EAS,,,,,,,,,,,,,,,,,,,,,,,,,,,,,,,,,,,,,,,,East Asia & Pacific,"22,477,425"
225,,ECS,,,,,,,,,,,,,,,,,,,,,,,,,,,,,,,,,,,,,,,,Europe & Central Asia,"20,162,858"
226,,LCN,,,,,,,,,,,,,,,,,,,,,,,,,,,,,,,,,,,,,,,,Latin America & Caribbean,"5,294,928"
227,,MEA,,,,,,,,,,,,,,,,,,,,,,,,,,,,,,,,,,,,,,,,Middle East & North Africa,"3,111,499"
228,,NAC,,,,,,,,,,,,,,,,,,,,,,,,,,,,,,,,,,,,,,,,North America,"20,104,905"
229,,SAS,,,,,,,,,,,,,,,,,,,,,,,,,,,,,,,,,,,,,,,,South Asia,"2,896,361"
230,,SSF,,,,,,,,,,,,,,,,,,,,,,,,,,,,,,,,,,,,,,,,Sub-Saharan Africa,"1,498,001"
231,,LIC,,,,,,,,,,,,,,,,,,,,,,,,,,,,,,,,,,,,,,,,Low income,"405,501"
232,,LMC,,,,,,,,,,,,,,,,,,,,,,,,,,,,,,,,,,,,,,,,Lower middle income,"6,252,244"
233,,UMC,,,,,,,,,,,,,,,,,,,,,,,,,,,,,,,,,,,,,,,,Upper middle income,"20,570,823"
234,,HIC,,,,,,,,,,,,,,,,,,,,,,,,,,,,,,,,,,,,,,,,High income,"48,407,640"
