,index,0,1,2,3,4,5,6,7,8,9,10,11,12,13,14,15,16,17,18,19,20,21,22,23,24,25,26,27,28,29,30,31,32,33,34,35,36,37,38,39,40,41,42,43,44,45,46,47,48,49,50,51,52,53,54,55,56,57,58,59,60,61,62,63,64,65,66,67,68,69,70,71,72,73,74,75,76,77,78,79,80,81,82,83,84,85,86,87,88,89,90,91,92,93,94,95,96,97,98,99,100,101,102,103,104,105,106,107,108,109,110,111,112,113,114,115,116,117,118,119,120,121,122,123,124,125,126,127,128,129,130,131,132,133,134,135,136,137,138,139,140,141,142,143,144,145,146,147,148,149,150,151,152,153,154,155,156,157,158,159,160,161,162,163,164,165,166,167,168,169,170,171,172,173,174,175,176,177,178,179,180,181,182,183,184,185,186,187,188,189,190,191,192,193,194
0,country,Afghanistan,Albania,Algeria,Andorra,Angola,Antigua and Barbuda,Argentina,Armenia,Australia,Austria,Azerbaijan,Bahamas,Bahrain,Bangladesh,Barbados,Belarus,Belgium,Belize,Benin,Bhutan,Bolivia (Plurinational State of),Bosnia and Herzegovina,Botswana,Brazil,Brunei Darussalam,Bulgaria,Burkina Faso,Burundi,Cabo Verde,Cambodia,Cameroon,Canada,Central African Republic,Chad,Chile,China,Colombia,Comoros,Congo,Cook Islands,Costa Rica,Côte d’Ivoire,Croatia,Cuba,Cyprus,Czech Republic,Democratic People’s Republic of Korea,Democratic Republic of the Congo,Denmark,Djibouti,Dominica,Dominican Republic,Ecuador,Egypt,El Salvador,Equatorial Guinea,Eritrea,Estonia,Ethiopia,Fiji,Finland,France,Gabon,Gambia,Georgia,Germany,Ghana,Greece,Grenada,Guatemala,Guinea,Guinea-Bissau,Guyana,Haiti,Honduras,Hungary,Iceland,India,Indonesia,Iran (Islamic Republic of),Iraq,Ireland,Israel,Italy,Jamaica,Japan,Jordan,Kazakhstan,Kenya,Kiribati,Kuwait,Kyrgyzstan,Lao People’s Democratic Republic,Latvia,Lebanon,Lesotho,Liberia,Libya,Lithuania,Luxembourg,Madagascar,Malawi,Malaysia,Maldives,Mali,Malta,Marshall Islands,Mauritania,Mauritius,Mexico,Micronesia (Federated States of ),Monaco,Mongolia,Montenegro,Morocco,Mozambique,Myanmar,Namibia,Nauru,Nepal,Netherlands,New Zealand,Nicaragua,Niger,Nigeria,Niue,Norway,Oman,Pakistan,Palau,Panama,Papua New Guinea,Paraguay,Peru,Philippines,Poland,Portugal,Qatar,Republic of Korea,Republic of Moldova,Romania,Russian Federation,Rwanda,Saint Kitts and Nevis,Saint Lucia,Saint Vincent and The Grenadines,Samoa,San Marino,Sao Tome and Principe,Saudi Arabia,Senegal,Serbia,Seychelles,Sierra Leone,Singapore,Slovakia,Slovenia,Solomon Islands,Somalia,South Africa,South Sudan,Spain,Sri Lanka,State of Palestine,Sudan,Suriname,Swaziland,Sweden,Switzerland,Syrian Arab Republic,Tajikistan,Thailand,The former Yugoslav Republic of Macedonia,Timor-Leste,Togo,Tonga,Trinidad and Tobago,Tunisia,Turkey,Turkmenistan,Tuvalu,Uganda,Ukraine,United Arab Emirates,United Kingdom of Great Britain and Northern Ireland,United Republic of Tanzania,United States of America,Uruguay,Uzbekistan,Vanuatu,Venezuela (Bolivarian Republic of),Viet Nam,Yemen,Zambia,Zimbabwe
1,2016,73,99,96,99,79,99,97,97,98,99,98,95,99,99,99,99,99,98,86,99,99,90,98,89,99,94,95,97,96,92,92,96,69,60,99,99,93,96,85,99,99,98,98,99,98,98,97,80,97,90,99,98,94,96,97,40,97,94,86,99,99,99,83,99,97,95,94,99,98,96,65,95,97,78,99,99,96,91,95,99,73,98,94,97,99,99,99,93,96,82,99,97,85,99,84,98,99,98,97,99,84,89,99,99,86,97,87,87,97,99,95,99,99,97,99,90,94,98,98,92,98,92,99,87,64,99,99,99,79,99,96,87,99,94,87,99,99,99,98,94,96,97,99,99,95,99,95,78,97,98,96,97,98,97,98,99,98,99,52,78,35,99,99,99,97,92,96,99,99,61,98,99,97,95,93,83,97,99,99,99,99,89,42,99,98,99,97,97,99,75,98,96,76,99,94
2,2015,73,99,99,99,77,99,94,97,97,99,97,99,98,99,99,99,99,97,86,99,99,89,98,97,99,93,95,97,97,92,92,96,69,60,97,99,93,96,85,99,93,99,98,99,98,99,97,82,96,90,99,99,80,94,93,28,98,94,86,99,99,99,87,99,97,95,97,99,94,99,63,95,96,80,99,99,96,90,95,99,73,98,95,97,97,98,99,99,96,81,99,99,93,98,84,98,77,98,97,99,79,93,99,99,82,98,95,87,98,99,95,99,99,96,99,90,94,98,98,94,98,93,99,85,64,99,99,99,79,99,96,83,99,97,69,99,99,99,99,88,96,97,99,96,99,99,89,77,98,98,94,98,99,95,98,99,98,99,52,83,37,99,99,99,97,90,96,99,99,62,97,99,98,82,92,86,98,98,98,99,99,89,59,99,98,99,97,99,99,75,98,98,77,97,94
3,2014,73,99,99,99,81,99,98,97,92,99,96,96,98,99,98,97,99,96,86,99,99,92,98,98,99,90,95,98,99,92,93,96,69,60,99,99,91,93,95,99,91,93,98,99,99,99,94,81,96,93,99,95,84,96,96,59,97,95,86,99,99,99,77,98,99,95,99,99,97,89,60,95,99,72,99,99,96,90,95,99,77,98,95,98,97,98,98,96,97,83,97,96,94,93,84,98,74,96,97,99,83,97,99,99,92,99,97,88,97,95,97,99,99,97,99,92,92,92,99,94,98,93,99,89,64,99,99,99,79,99,96,87,98,98,78,99,99,99,99,94,98,97,99,99,99,99,88,82,98,99,94,97,99,88,98,99,98,95,52,85,49,99,99,99,98,91,99,99,98,65,98,99,98,83,91,86,93,98,97,99,99,89,59,99,98,99,97,99,99,75,88,95,82,96,98
4,2013,76,99,99,98,79,99,94,97,92,99,95,99,99,98,97,99,99,96,86,97,98,94,98,98,99,96,94,98,93,92,95,96,35,58,92,99,97,90,90,98,98,89,98,99,99,99,94,79,97,87,98,91,87,97,97,49,97,96,84,99,99,99,80,99,99,95,94,99,99,97,76,95,98,86,99,99,97,90,96,98,82,98,96,98,97,98,99,99,95,95,99,98,89,96,84,98,97,98,97,99,80,96,99,99,85,99,97,95,99,90,98,99,98,98,99,93,90,94,99,94,99,93,99,87,58,99,99,99,79,99,93,88,93,97,93,99,99,99,99,96,97,97,99,99,99,99,89,72,99,98,96,98,99,98,98,99,98,99,52,81,57,98,99,99,97,91,99,99,98,55,98,99,99,88,94,86,94,99,99,99,99,89,76,98,98,99,97,98,99,75,90,83,82,86,98
5,2012,78,99,99,99,83,99,94,98,92,99,94,99,99,97,96,98,99,99,89,97,97,95,98,99,99,96,94,98,98,94,94,99,69,57,90,99,91,91,90,98,92,93,98,99,99,99,97,81,97,85,98,92,88,94,92,56,97,96,82,99,99,99,86,99,94,95,92,99,99,96,76,95,99,87,99,99,97,89,97,99,87,98,94,99,98,99,98,99,98,94,99,96,87,92,84,98,92,99,97,99,80,99,99,99,81,99,97,95,99,99,97,99,99,98,99,91,89,89,98,90,99,94,99,87,51,99,99,99,79,99,99,85,96,99,91,99,99,95,99,97,97,97,99,99,99,98,88,98,98,98,96,97,98,98,98,99,98,99,52,72,71,99,99,98,97,94,97,99,98,68,96,99,98,84,94,81,97,99,97,98,99,89,76,96,98,99,96,98,99,75,90,99,77,86,99
6,2011,78,99,99,99,88,99,94,98,92,99,94,99,99,99,95,99,99,98,85,98,98,94,98,99,99,96,93,99,99,94,90,96,69,55,98,99,95,92,90,98,87,75,97,99,99,99,95,85,94,89,99,91,89,97,90,59,99,96,80,99,99,99,82,99,98,95,94,99,98,94,76,95,97,88,99,99,99,89,98,99,90,98,94,98,94,99,98,99,98,99,99,97,83,95,84,97,86,99,95,99,80,98,98,97,80,99,99,91,99,99,96,99,99,98,99,91,88,88,99,96,99,95,99,86,56,99,99,99,84,99,98,83,96,94,92,99,97,94,99,96,96,97,98,99,99,98,91,90,98,99,97,98,99,97,97,99,98,99,52,80,79,99,99,99,97,90,98,99,98,86,98,99,97,70,94,86,96,98,98,98,99,91,50,95,98,96,97,99,99,76,90,97,79,87,99
7,2010,72.0,99.0,99.0,99.0,93.0,99.0,95.0,98.0,97.0,98.0,94.0,99.0,99.0,98.0,94.0,99.0,99.0,99.0,87.0,94.0,97.0,95.0,98.0,99.0,98.0,96.0,93.0,99.0,99.0,92.0,92.0,96.0,67.0,55.0,93.0,99.0,96.0,81.0,90.0,99.0,96.0,95.0,97.0,96.0,99.0,99.0,94.0,71.0,93.0,90.0,99.0,96.0,91.0,97.0,90.0,59.0,96.0,96.0,77.0,99.0,99.0,99.0,82.0,99.0,99.0,95.0,96.0,99.0,99.0,96.0,86.0,94.0,99.0,87.0,99.0,99.0,98.0,86.0,97.0,99.0,86.0,98.0,95.0,98.0,98.0,99.0,98.0,99.0,93.0,97.0,98.0,99.0,81.0,99.0,84.0,97.0,80.0,98.0,98.0,99.0,78.0,97.0,98.0,97.0,81.0,97.0,99.0,82.0,99.0,96.0,90.0,99.0,98.0,97.0,99.0,91.0,93.0,87.0,99.0,85.0,99.0,95.0,99.0,83.0,60.0,99.0,99.0,99.0,88.0,99.0,96.0,80.0,96.0,97.0,81.0,99.0,99.0,98.0,96.0,93.0,98.0,97.0,98.0,98.0,98.0,99.0,91.0,80.0,98.0,98.0,96.0,97.0,99.0,95.0,98.0,99.0,98.0,97.0,55.0,80.0,,99.0,99.0,99.0,99.0,99.0,95.0,99.0,95.0,89.0,95.0,99.0,97.0,76.0,97.0,86.0,96.0,98.0,98.0,99.0,99.0,87.0,52.0,94.0,98.0,98.0,97.0,98.0,99.0,76.0,90.0,93.0,84.0,92.0,95.0
8,2009,72.0,99.0,98.0,99.0,79.0,99.0,94.0,97.0,97.0,93.0,90.0,99.0,98.0,99.0,93.0,98.0,99.0,99.0,89.0,97.0,97.0,95.0,98.0,99.0,99.0,96.0,93.0,99.0,99.0,99.0,88.0,96.0,65.0,45.0,94.0,99.0,97.0,89.0,92.0,99.0,91.0,95.0,97.0,98.0,99.0,99.0,94.0,82.0,90.0,90.0,99.0,85.0,98.0,97.0,97.0,60.0,96.0,97.0,74.0,99.0,99.0,99.0,81.0,98.0,99.0,98.0,96.0,99.0,99.0,94.0,76.0,92.0,99.0,86.0,99.0,99.0,99.0,84.0,94.0,99.0,88.0,98.0,96.0,98.0,91.0,99.0,98.0,98.0,92.0,90.0,99.0,98.0,76.0,98.0,84.0,96.0,90.0,98.0,98.0,99.0,80.0,97.0,99.0,99.0,82.0,91.0,99.0,79.0,99.0,98.0,97.0,99.0,95.0,96.0,99.0,89.0,93.0,87.0,99.0,94.0,99.0,94.0,99.0,81.0,73.0,99.0,99.0,99.0,88.0,99.0,95.0,80.0,94.0,97.0,89.0,99.0,97.0,99.0,96.0,88.0,98.0,99.0,98.0,99.0,99.0,99.0,86.0,95.0,99.0,98.0,94.0,98.0,99.0,94.0,98.0,99.0,98.0,94.0,52.0,81.0,,98.0,97.0,99.0,92.0,91.0,95.0,99.0,95.0,89.0,96.0,99.0,96.0,77.0,93.0,87.0,95.0,99.0,97.0,98.0,97.0,96.0,71.0,95.0,97.0,90.0,97.0,99.0,99.0,77.0,86.0,97.0,84.0,96.0,87.0
9,2008,75.0,99.0,97.0,99.0,88.0,99.0,97.0,96.0,97.0,97.0,90.0,99.0,98.0,99.0,85.0,98.0,99.0,98.0,91.0,97.0,96.0,95.0,98.0,99.0,99.0,97.0,97.0,98.0,99.0,95.0,93.0,96.0,65.0,47.0,96.0,99.0,97.0,85.0,93.0,99.0,90.0,89.0,97.0,96.0,98.0,99.0,93.0,73.0,89.0,90.0,96.0,86.0,98.0,98.0,99.0,60.0,98.0,97.0,71.0,99.0,99.0,99.0,85.0,96.0,99.0,98.0,96.0,99.0,99.0,99.0,64.0,91.0,94.0,86.0,96.0,99.0,99.0,81.0,92.0,99.0,81.0,97.0,94.0,98.0,97.0,99.0,98.0,99.0,90.0,97.0,99.0,99.0,73.0,94.0,84.0,96.0,85.0,98.0,96.0,99.0,84.0,97.0,99.0,99.0,85.0,88.0,99.0,88.0,99.0,98.0,87.0,99.0,98.0,98.0,99.0,87.0,88.0,88.0,99.0,84.0,99.0,91.0,99.0,76.0,63.0,99.0,99.0,99.0,84.0,99.0,93.0,70.0,96.0,97.0,94.0,99.0,99.0,97.0,95.0,96.0,98.0,99.0,97.0,99.0,99.0,99.0,48.0,89.0,99.0,98.0,94.0,98.0,99.0,84.0,98.0,99.0,99.0,90.0,40.0,81.0,,99.0,99.0,99.0,96.0,95.0,96.0,99.0,95.0,88.0,92.0,99.0,96.0,85.0,92.0,90.0,91.0,99.0,97.0,98.0,99.0,87.0,90.0,96.0,97.0,88.0,98.0,98.0,99.0,77.0,87.0,97.0,85.0,95.0,89.0
10,2007,76.0,98.0,98.0,98.0,73.0,99.0,94.0,96.0,97.0,99.0,87.0,98.0,97.0,98.0,93.0,99.0,99.0,98.0,94.0,98.0,85.0,96.0,98.0,99.0,99.0,96.0,92.0,99.0,99.0,87.0,90.0,96.0,65.0,50.0,98.0,99.0,97.0,79.0,80.0,99.0,90.0,93.0,96.0,97.0,98.0,99.0,93.0,78.0,87.0,92.0,98.0,87.0,98.0,98.0,99.0,61.0,95.0,98.0,67.0,99.0,99.0,99.0,86.0,98.0,99.0,98.0,96.0,99.0,98.0,88.0,76.0,89.0,96.0,85.0,94.0,99.0,97.0,81.0,87.0,99.0,68.0,97.0,95.0,99.0,97.0,99.0,99.0,97.0,89.0,99.0,99.0,98.0,59.0,98.0,84.0,96.0,80.0,98.0,99.0,99.0,92.0,96.0,99.0,99.0,86.0,84.0,99.0,92.0,97.0,99.0,86.0,99.0,95.0,98.0,98.0,85.0,89.0,88.0,99.0,85.0,99.0,91.0,94.0,68.0,52.0,98.0,99.0,99.0,89.0,99.0,97.0,76.0,99.0,93.0,90.0,99.0,99.0,96.0,95.0,95.0,98.0,99.0,99.0,99.0,99.0,99.0,85.0,92.0,99.0,97.0,97.0,98.0,99.0,77.0,98.0,99.0,99.0,96.0,59.0,83.0,,98.0,99.0,99.0,95.0,96.0,95.0,99.0,95.0,88.0,88.0,99.0,95.0,76.0,94.0,91.0,90.0,99.0,98.0,99.0,99.0,93.0,99.0,97.0,97.0,89.0,98.0,98.0,98.0,78.0,70.0,92.0,88.0,93.0,86.0
11,2006,75.0,98.0,98.0,97.0,57.0,99.0,93.0,95.0,97.0,99.0,86.0,95.0,99.0,97.0,94.0,99.0,99.0,98.0,89.0,97.0,87.0,94.0,98.0,99.0,99.0,97.0,91.0,99.0,98.0,85.0,87.0,96.0,64.0,58.0,95.0,99.0,97.0,78.0,81.0,99.0,89.0,95.0,96.0,98.0,98.0,99.0,91.0,71.0,93.0,76.0,98.0,93.0,96.0,98.0,98.0,61.0,97.0,98.0,64.0,99.0,99.0,99.0,69.0,98.0,99.0,98.0,87.0,99.0,97.0,95.0,75.0,88.0,95.0,84.0,95.0,99.0,97.0,81.0,86.0,98.0,76.0,97.0,95.0,98.0,96.0,99.0,99.0,99.0,90.0,98.0,99.0,96.0,68.0,98.0,84.0,96.0,75.0,98.0,98.0,99.0,93.0,99.0,98.0,98.0,86.0,85.0,90.0,85.0,99.0,99.0,83.0,99.0,99.0,95.0,99.0,86.0,86.0,91.0,98.0,93.0,98.0,92.0,94.0,63.0,49.0,99.0,99.0,98.0,89.0,98.0,96.0,85.0,99.0,96.0,90.0,99.0,99.0,99.0,98.0,97.0,99.0,99.0,99.0,99.0,94.0,99.0,80.0,98.0,99.0,97.0,99.0,97.0,99.0,79.0,96.0,99.0,99.0,99.0,40.0,82.0,,99.0,99.0,99.0,91.0,94.0,95.0,99.0,95.0,88.0,92.0,99.0,95.0,71.0,91.0,92.0,93.0,99.0,92.0,99.0,99.0,85.0,99.0,97.0,97.0,94.0,98.0,99.0,96.0,78.0,79.0,94.0,86.0,92.0,83.0
12,2005,76.0,99.0,94.0,99.0,54.0,99.0,99.0,96.0,97.0,99.0,81.0,99.0,99.0,97.0,97.0,99.0,98.0,98.0,84.0,97.0,93.0,95.0,98.0,99.0,99.0,97.0,91.0,96.0,97.0,85.0,85.0,96.0,64.0,46.0,92.0,95.0,97.0,77.0,73.0,99.0,97.0,83.0,96.0,99.0,98.0,99.0,83.0,68.0,93.0,73.0,99.0,92.0,96.0,98.0,96.0,62.0,99.0,99.0,61.0,99.0,99.0,99.0,69.0,95.0,91.0,98.0,88.0,96.0,99.0,97.0,75.0,86.0,93.0,83.0,99.0,99.0,95.0,82.0,85.0,97.0,84.0,96.0,93.0,98.0,99.0,99.0,98.0,99.0,85.0,93.0,99.0,98.0,68.0,99.0,83.0,95.0,75.0,98.0,98.0,99.0,88.0,99.0,98.0,99.0,87.0,94.0,89.0,85.0,99.0,99.0,98.0,99.0,99.0,,99.0,87.0,76.0,93.0,90.0,81.0,98.0,92.0,92.0,58.0,48.0,94.0,99.0,99.0,81.0,98.0,95.0,80.0,97.0,94.0,91.0,99.0,94.0,99.0,98.0,98.0,99.0,99.0,95.0,99.0,99.0,99.0,87.0,98.0,99.0,97.0,97.0,99.0,99.0,80.0,96.0,99.0,98.0,93.0,50.0,83.0,,98.0,99.0,99.0,88.0,93.0,95.0,99.0,95.0,88.0,92.0,99.0,99.0,64.0,91.0,94.0,98.0,98.0,92.0,99.0,99.0,90.0,99.0,97.0,97.0,95.0,98.0,99.0,99.0,79.0,98.0,98.0,88.0,92.0,80.0
13,2004,72.0,98.0,93.0,99.0,69.0,99.0,99.0,97.0,97.0,99.0,84.0,99.0,99.0,99.0,97.0,99.0,97.0,98.0,85.0,92.0,88.0,93.0,98.0,99.0,99.0,95.0,90.0,95.0,96.0,92.0,80.0,96.0,64.0,35.0,94.0,95.0,90.0,85.0,67.0,99.0,96.0,73.0,96.0,89.0,98.0,99.0,75.0,66.0,95.0,81.0,99.0,87.0,95.0,98.0,96.0,62.0,99.0,98.0,58.0,99.0,98.0,99.0,69.0,96.0,88.0,98.0,88.0,96.0,87.0,98.0,75.0,84.0,97.0,81.0,98.0,99.0,99.0,77.0,84.0,99.0,86.0,96.0,95.0,98.0,99.0,99.0,96.0,85.0,87.0,75.0,99.0,99.0,66.0,99.0,83.0,95.0,65.0,99.0,94.0,99.0,82.0,99.0,98.0,98.0,86.0,92.0,71.0,83.0,98.0,99.0,81.0,99.0,99.0,,99.0,88.0,86.0,88.0,93.0,88.0,99.0,91.0,80.0,56.0,46.0,99.0,99.0,99.0,75.0,99.0,98.0,81.0,94.0,93.0,92.0,99.0,98.0,99.0,95.0,99.0,99.0,97.0,94.0,98.0,99.0,99.0,91.0,99.0,99.0,96.0,95.0,91.0,99.0,82.0,96.0,99.0,98.0,91.0,50.0,80.0,,99.0,98.0,99.0,82.0,92.0,95.0,99.0,95.0,89.0,93.0,99.0,96.0,65.0,83.0,95.0,98.0,97.0,86.0,98.0,99.0,88.0,99.0,96.0,97.0,99.0,98.0,98.0,99.0,80.0,93.0,98.0,89.0,93.0,77.0
14,2003,66.0,97.0,93.0,99.0,64.0,99.0,96.0,98.0,97.0,99.0,83.0,99.0,99.0,93.0,91.0,74.0,97.0,98.0,86.0,96.0,96.0,93.0,98.0,99.0,99.0,96.0,90.0,93.0,95.0,74.0,79.0,95.0,65.0,45.0,98.0,95.0,94.0,82.0,62.0,96.0,89.0,71.0,98.0,90.0,98.0,99.0,70.0,53.0,98.0,76.0,99.0,88.0,95.0,98.0,98.0,63.0,97.0,99.0,55.0,98.0,98.0,99.0,69.0,97.0,95.0,99.0,87.0,96.0,99.0,96.0,71.0,81.0,93.0,79.0,97.0,99.0,97.0,76.0,84.0,99.0,87.0,95.0,95.0,98.0,98.0,99.0,98.0,99.0,89.0,78.0,99.0,99.0,72.0,98.0,83.0,95.0,69.0,99.0,98.0,99.0,79.0,99.0,98.0,98.0,85.0,96.0,90.0,91.0,99.0,99.0,97.0,99.0,98.0,,94.0,89.0,80.0,87.0,97.0,82.0,99.0,91.0,86.0,53.0,45.0,99.0,99.0,99.0,77.0,99.0,99.0,88.0,95.0,98.0,86.0,99.0,99.0,96.0,97.0,99.0,99.0,97.0,97.0,98.0,90.0,99.0,96.0,98.0,98.0,96.0,81.0,91.0,99.0,90.0,96.0,99.0,98.0,86.0,65.0,77.0,,99.0,99.0,99.0,83.0,81.0,95.0,99.0,95.0,90.0,92.0,99.0,99.0,65.0,83.0,96.0,93.0,96.0,76.0,96.0,99.0,86.0,99.0,96.0,97.0,99.0,98.0,98.0,99.0,82.0,88.0,99.0,77.0,93.0,79.0
15,2002,62.0,98.0,93.0,99.0,62.0,98.0,96.0,98.0,97.0,99.0,82.0,99.0,99.0,95.0,92.0,99.0,97.0,97.0,87.0,95.0,94.0,86.0,98.0,99.0,99.0,97.0,89.0,91.0,95.0,60.0,75.0,95.0,65.0,45.0,98.0,95.0,93.0,96.0,50.0,99.0,98.0,76.0,99.0,99.0,98.0,99.0,65.0,47.0,99.0,72.0,99.0,92.0,95.0,98.0,93.0,63.0,94.0,99.0,52.0,98.0,99.0,99.0,69.0,96.0,96.0,95.0,84.0,96.0,99.0,93.0,68.0,79.0,96.0,77.0,98.0,99.0,96.0,75.0,83.0,99.0,89.0,94.0,95.0,97.0,99.0,98.0,96.0,96.0,90.0,82.0,99.0,99.0,64.0,99.0,85.0,89.0,73.0,97.0,98.0,99.0,76.0,94.0,98.0,98.0,82.0,95.0,90.0,96.0,96.0,99.0,87.0,99.0,99.0,,98.0,88.0,81.0,86.0,99.0,84.0,99.0,90.0,88.0,51.0,43.0,99.0,99.0,99.0,77.0,99.0,99.0,81.0,95.0,98.0,84.0,99.0,98.0,96.0,97.0,99.0,99.0,97.0,95.0,99.0,99.0,99.0,99.0,96.0,94.0,97.0,70.0,98.0,99.0,89.0,98.0,99.0,96.0,82.0,60.0,80.0,,99.0,99.0,99.0,75.0,86.0,95.0,99.0,95.0,92.0,92.0,98.0,99.0,68.0,75.0,94.0,98.0,96.0,82.0,99.0,99.0,84.0,99.0,96.0,97.0,96.0,96.0,99.0,99.0,83.0,79.0,85.0,72.0,94.0,81.0
16,2001,59.0,97.0,92.0,98.0,55.0,99.0,96.0,98.0,97.0,99.0,83.0,99.0,99.0,94.0,92.0,99.0,97.0,97.0,88.0,96.0,91.0,94.0,98.0,99.0,99.0,95.0,93.0,90.0,94.0,65.0,70.0,95.0,65.0,44.0,99.0,95.0,82.0,85.0,44.0,97.0,91.0,81.0,94.0,99.0,98.0,99.0,63.0,49.0,97.0,65.0,99.0,95.0,95.0,99.0,97.0,64.0,91.0,99.0,50.0,97.0,99.0,99.0,69.0,97.0,97.0,95.0,81.0,96.0,98.0,93.0,64.0,76.0,98.0,75.0,98.0,99.0,95.0,75.0,82.0,96.0,90.0,94.0,95.0,97.0,99.0,98.0,99.0,96.0,84.0,85.0,99.0,99.0,59.0,99.0,88.0,83.0,76.0,96.0,98.0,99.0,75.0,99.0,98.0,99.0,76.0,98.0,99.0,76.0,92.0,99.0,90.0,99.0,95.0,,97.0,86.0,81.0,88.0,98.0,84.0,99.0,96.0,92.0,48.0,42.0,99.0,99.0,99.0,75.0,98.0,99.0,77.0,96.0,91.0,92.0,99.0,99.0,95.0,97.0,97.0,99.0,97.0,94.0,99.0,99.0,99.0,99.0,96.0,97.0,99.0,79.0,95.0,99.0,58.0,98.0,99.0,96.0,84.0,57.0,82.0,,98.0,99.0,97.0,79.0,90.0,95.0,99.0,95.0,90.0,89.0,98.0,95.0,,63.0,99.0,91.0,99.0,95.0,96.0,99.0,82.0,99.0,96.0,97.0,95.0,98.0,99.0,99.0,84.0,82.0,99.0,87.0,94.0,83.0
17,2000,48.0,98.0,95.0,99.0,44.0,98.0,96.0,97.0,96.0,99.0,83.0,99.0,98.0,92.0,93.0,99.0,97.0,96.0,89.0,96.0,92.0,90.0,98.0,99.0,99.0,95.0,97.0,88.0,94.0,78.0,66.0,95.0,60.0,45.0,98.0,94.0,91.0,85.0,45.0,99.0,90.0,85.0,95.0,98.0,98.0,99.0,61.0,49.0,98.0,66.0,99.0,91.0,94.0,98.0,99.0,64.0,88.0,96.0,47.0,97.0,99.0,99.0,69.0,97.0,89.0,95.0,96.0,96.0,99.0,94.0,61.0,73.0,97.0,73.0,98.0,99.0,99.0,74.0,84.0,99.0,92.0,95.0,95.0,95.0,97.0,88.0,91.0,98.0,83.0,95.0,98.0,99.0,83.0,99.0,90.0,87.0,80.0,97.0,99.0,99.0,74.0,98.0,99.0,98.0,61.0,97.0,64.0,73.0,88.0,99.0,92.0,99.0,95.0,,98.0,84.0,87.0,90.0,85.0,84.0,99.0,96.0,97.0,46.0,42.0,99.0,99.0,99.0,72.0,98.0,99.0,84.0,95.0,99.0,92.0,99.0,99.0,92.0,97.0,98.0,99.0,97.0,93.0,99.0,76.0,99.0,97.0,97.0,89.0,95.0,79.0,97.0,99.0,64.0,98.0,99.0,96.0,95.0,57.0,85.0,,98.0,99.0,95.0,75.0,90.0,94.0,99.0,95.0,90.0,88.0,98.0,98.0,,80.0,99.0,90.0,99.0,92.0,97.0,93.0,80.0,99.0,96.0,97.0,92.0,99.0,92.0,99.0,85.0,92.0,97.0,88.0,94.0,84.0
18,1999,52.0,98.0,92.0,96.0,51.0,99.0,96.0,97.0,96.0,96.0,83.0,96.0,99.0,91.0,95.0,99.0,97.0,96.0,88.0,95.0,92.0,90.0,98.0,99.0,99.0,96.0,83.0,86.0,93.0,73.0,69.0,95.0,55.0,45.0,97.0,94.0,95.0,73.0,46.0,98.0,92.0,77.0,96.0,95.0,98.0,99.0,58.0,46.0,99.0,63.0,99.0,95.0,93.0,98.0,98.0,65.0,97.0,98.0,44.0,96.0,99.0,99.0,69.0,97.0,88.0,99.0,86.0,96.0,96.0,91.0,57.0,69.0,97.0,71.0,98.0,99.0,99.0,74.0,86.0,99.0,93.0,95.0,95.0,98.0,96.0,88.0,86.0,98.0,89.0,96.0,97.0,99.0,83.0,98.0,92.0,90.0,84.0,97.0,98.0,98.0,73.0,98.0,99.0,99.0,67.0,97.0,85.0,70.0,91.0,99.0,92.0,99.0,95.0,,93.0,82.0,87.0,90.0,81.0,91.0,99.0,91.0,96.0,43.0,41.0,99.0,99.0,99.0,70.0,96.0,96.0,82.0,85.0,99.0,91.0,99.0,98.0,94.0,96.0,99.0,99.0,97.0,93.0,99.0,96.0,98.0,97.0,99.0,90.0,94.0,78.0,97.0,99.0,68.0,98.0,99.0,96.0,96.0,59.0,88.0,,98.0,99.0,96.0,66.0,90.0,94.0,99.0,95.0,93.0,88.0,99.0,98.0,,81.0,99.0,92.0,99.0,92.0,99.0,84.0,78.0,99.0,96.0,97.0,90.0,99.0,94.0,99.0,87.0,99.0,97.0,84.0,94.0,86.0
19,1998,52.0,99.0,94.0,96.0,59.0,99.0,96.0,93.0,84.0,96.0,81.0,96.0,98.0,89.0,96.0,99.0,96.0,95.0,87.0,96.0,86.0,91.0,98.0,99.0,99.0,96.0,77.0,86.0,93.0,78.0,71.0,95.0,61.0,47.0,97.0,94.0,95.0,90.0,46.0,98.0,95.0,74.0,96.0,99.0,98.0,99.0,56.0,44.0,99.0,60.0,99.0,91.0,94.0,97.0,99.0,94.0,90.0,97.0,61.0,96.0,99.0,99.0,72.0,98.0,87.0,95.0,87.0,96.0,99.0,94.0,72.0,76.0,97.0,69.0,99.0,99.0,99.0,78.0,88.0,99.0,79.0,94.0,95.0,98.0,92.0,88.0,99.0,99.0,93.0,96.0,98.0,98.0,82.0,99.0,95.0,92.0,,98.0,97.0,98.0,73.0,98.0,99.0,98.0,73.0,97.0,95.0,56.0,93.0,98.0,91.0,99.0,96.0,,99.0,80.0,92.0,88.0,78.0,92.0,99.0,93.0,94.0,44.0,48.0,99.0,99.0,99.0,67.0,96.0,99.0,85.0,88.0,94.0,91.0,99.0,98.0,95.0,94.0,99.0,99.0,96.0,92.0,99.0,91.0,99.0,98.0,,89.0,95.0,79.0,97.0,99.0,,98.0,99.0,97.0,88.0,51.0,90.0,,98.0,97.0,99.0,71.0,93.0,94.0,99.0,93.0,94.0,87.0,98.0,98.0,,74.0,98.0,94.0,97.0,93.0,99.0,98.0,79.0,98.0,97.0,97.0,96.0,98.0,95.0,99.0,88.0,90.0,98.0,75.0,94.0,88.0
20,1997,48.0,99.0,96.0,96.0,66.0,99.0,96.0,96.0,91.0,96.0,78.0,95.0,98.0,92.0,98.0,98.0,95.0,95.0,86.0,95.0,80.0,92.0,98.0,99.0,99.0,97.0,78.0,86.0,92.0,62.0,72.0,95.0,66.0,48.0,96.0,94.0,94.0,72.0,47.0,97.0,97.0,77.0,97.0,99.0,98.0,99.0,54.0,41.0,97.0,57.0,97.0,86.0,93.0,96.0,98.0,94.0,83.0,96.0,78.0,95.0,99.0,99.0,75.0,98.0,88.0,95.0,88.0,96.0,98.0,90.0,72.0,83.0,96.0,66.0,96.0,99.0,99.0,82.0,90.0,99.0,89.0,90.0,95.0,98.0,96.0,88.0,99.0,98.0,96.0,97.0,98.0,98.0,82.0,99.0,97.0,93.0,,98.0,96.0,98.0,73.0,98.0,98.0,98.0,79.0,97.0,92.0,69.0,96.0,98.0,91.0,99.0,97.0,,99.0,78.0,96.0,86.0,74.0,92.0,99.0,95.0,93.0,45.0,70.0,99.0,99.0,99.0,65.0,97.0,98.0,87.0,91.0,96.0,90.0,99.0,97.0,97.0,93.0,98.0,99.0,96.0,90.0,99.0,98.0,99.0,98.0,99.0,90.0,94.0,81.0,97.0,98.0,,98.0,99.0,97.0,89.0,42.0,93.0,,98.0,98.0,98.0,78.0,95.0,94.0,99.0,93.0,95.0,85.0,98.0,98.0,,67.0,98.0,96.0,98.0,92.0,98.0,91.0,79.0,99.0,97.0,97.0,92.0,98.0,97.0,98.0,89.0,82.0,98.0,65.0,94.0,95.0
21,1996,56.0,98.0,96.0,,53.0,99.0,94.0,95.0,95.0,96.0,82.0,95.0,96.0,91.0,95.0,98.0,98.0,95.0,86.0,95.0,82.0,86.0,98.0,75.0,99.0,98.0,78.0,86.0,90.0,59.0,71.0,98.0,72.0,44.0,97.0,94.0,95.0,82.0,62.0,91.0,95.0,70.0,97.0,96.0,98.0,98.0,74.0,41.0,94.0,66.0,99.0,88.0,94.0,96.0,98.0,94.0,75.0,96.0,78.0,98.0,99.0,98.0,78.0,99.0,90.0,94.0,88.0,96.0,93.0,86.0,72.0,77.0,94.0,75.0,97.0,99.0,99.0,86.0,89.0,99.0,88.0,90.0,97.0,98.0,97.0,99.0,99.0,98.0,96.0,92.0,99.0,98.0,80.0,99.0,97.0,94.0,,98.0,97.0,98.0,73.0,96.0,98.0,98.0,77.0,97.0,92.0,89.0,96.0,98.0,92.0,99.0,96.0,,91.0,76.0,96.0,88.0,77.0,85.0,98.0,96.0,93.0,44.0,51.0,99.0,98.0,99.0,62.0,98.0,97.0,80.0,89.0,97.0,82.0,98.0,98.0,97.0,96.0,98.0,98.0,94.0,96.0,99.0,96.0,99.0,98.0,99.0,87.0,97.0,88.0,97.0,99.0,,94.0,99.0,98.0,89.0,45.0,90.0,,96.0,97.0,98.0,79.0,93.0,94.0,99.0,93.0,96.0,80.0,97.0,97.0,,70.0,99.0,96.0,98.0,89.0,98.0,98.0,80.0,99.0,96.0,97.0,94.0,98.0,97.0,98.0,86.0,80.0,97.0,72.0,94.0,96.0
22,1995,44.0,98.0,96.0,,48.0,99.0,95.0,98.0,95.0,96.0,79.0,95.0,98.0,87.0,97.0,98.0,97.0,94.0,82.0,95.0,84.0,78.0,98.0,85.0,99.0,98.0,79.0,86.0,90.0,55.0,71.0,97.0,77.0,41.0,97.0,93.0,95.0,91.0,74.0,97.0,95.0,64.0,96.0,99.0,98.0,98.0,84.0,47.0,97.0,66.0,99.0,89.0,94.0,96.0,99.0,94.0,68.0,94.0,80.0,98.0,99.0,98.0,81.0,99.0,91.0,92.0,88.0,96.0,98.0,91.0,77.0,70.0,95.0,75.0,97.0,99.0,99.0,88.0,87.0,98.0,86.0,90.0,98.0,98.0,96.0,90.0,99.0,97.0,96.0,82.0,99.0,97.0,77.0,99.0,97.0,95.0,,98.0,96.0,98.0,80.0,96.0,98.0,99.0,73.0,97.0,88.0,93.0,97.0,97.0,94.0,99.0,96.0,,94.0,75.0,94.0,90.0,79.0,77.0,98.0,96.0,93.0,42.0,59.0,99.0,98.0,99.0,73.0,99.0,95.0,97.0,87.0,96.0,76.0,98.0,97.0,97.0,99.0,98.0,98.0,92.0,94.0,99.0,98.0,98.0,97.0,99.0,92.0,98.0,93.0,96.0,98.0,,98.0,99.0,98.0,87.0,46.0,89.0,,96.0,97.0,99.0,72.0,94.0,94.0,99.0,93.0,96.0,86.0,98.0,98.0,,74.0,98.0,96.0,97.0,86.0,97.0,95.0,81.0,98.0,96.0,97.0,93.0,98.0,97.0,96.0,90.0,87.0,97.0,69.0,97.0,96.0
23,1994,33.0,99.0,95.0,,52.0,99.0,94.0,95.0,96.0,96.0,77.0,97.0,99.0,94.0,96.0,97.0,98.0,96.0,89.0,95.0,80.0,94.0,99.0,50.0,99.0,97.0,79.0,72.0,95.0,53.0,63.0,97.0,76.0,41.0,97.0,95.0,95.0,80.0,78.0,95.0,96.0,72.0,95.0,99.0,98.0,98.0,91.0,51.0,96.0,66.0,99.0,90.0,94.0,94.0,96.0,94.0,61.0,92.0,80.0,98.0,99.0,98.0,85.0,99.0,80.0,90.0,88.0,96.0,97.0,88.0,77.0,90.0,96.0,75.0,97.0,99.0,99.0,86.0,87.0,98.0,84.0,88.0,98.0,98.0,97.0,93.0,95.0,91.0,96.0,88.0,99.0,94.0,72.0,99.0,97.0,94.0,,98.0,94.0,98.0,86.0,94.0,95.0,98.0,64.0,96.0,86.0,88.0,96.0,97.0,93.0,99.0,92.0,,92.0,74.0,91.0,92.0,82.0,77.0,98.0,94.0,93.0,41.0,69.0,99.0,97.0,98.0,64.0,86.0,94.0,91.0,88.0,95.0,81.0,98.0,98.0,97.0,97.0,95.0,98.0,96.0,47.0,99.0,97.0,99.0,97.0,96.0,94.0,98.0,80.0,95.0,98.0,,95.0,99.0,98.0,87.0,47.0,90.0,,96.0,96.0,98.0,71.0,90.0,98.0,99.0,93.0,97.0,93.0,97.0,96.0,,77.0,96.0,95.0,97.0,95.0,96.0,99.0,82.0,98.0,96.0,97.0,94.0,97.0,97.0,86.0,90.0,84.0,97.0,58.0,96.0,95.0
24,1993,41.0,98.0,96.0,,55.0,99.0,93.0,95.0,96.0,96.0,65.0,97.0,97.0,79.0,95.0,97.0,98.0,96.0,87.0,92.0,76.0,63.0,99.0,91.0,99.0,98.0,79.0,84.0,96.0,51.0,62.0,96.0,75.0,35.0,96.0,96.0,94.0,88.0,82.0,99.0,96.0,77.0,95.0,99.0,98.0,99.0,96.0,54.0,97.0,66.0,99.0,91.0,95.0,93.0,92.0,94.0,49.0,90.0,53.0,98.0,99.0,97.0,88.0,99.0,77.0,83.0,86.0,96.0,96.0,91.0,77.0,89.0,97.0,73.0,97.0,99.0,99.0,82.0,86.0,99.0,82.0,88.0,98.0,98.0,97.0,95.0,93.0,91.0,96.0,99.0,98.0,84.0,50.0,97.0,97.0,94.0,,98.0,94.0,97.0,86.0,97.0,91.0,93.0,71.0,94.0,79.0,82.0,96.0,94.0,92.0,99.0,93.0,,90.0,73.0,96.0,90.0,84.0,75.0,98.0,94.0,93.0,39.0,54.0,99.0,97.0,98.0,62.0,96.0,94.0,93.0,86.0,95.0,86.0,98.0,97.0,96.0,96.0,88.0,97.0,92.0,94.0,99.0,98.0,99.0,97.0,99.0,82.0,97.0,80.0,95.0,98.0,,97.0,,98.0,85.0,46.0,93.0,,95.0,96.0,97.0,75.0,91.0,96.0,99.0,93.0,98.0,84.0,96.0,96.0,,80.0,98.0,93.0,97.0,91.0,90.0,94.0,80.0,97.0,96.0,97.0,94.0,96.0,97.0,83.0,95.0,87.0,97.0,77.0,95.0,95.0
25,1992,45.0,97.0,96.0,,45.0,99.0,93.0,95.0,97.0,96.0,64.0,97.0,97.0,86.0,96.0,96.0,98.0,96.0,86.0,95.0,70.0,80.0,99.0,88.0,98.0,98.0,79.0,93.0,96.0,48.0,62.0,96.0,75.0,31.0,96.0,97.0,92.0,63.0,86.0,95.0,96.0,73.0,94.0,97.0,97.0,,96.0,47.0,98.0,66.0,99.0,90.0,95.0,92.0,82.0,95.0,,,35.0,98.0,99.0,97.0,92.0,97.0,80.0,95.0,83.0,96.0,96.0,86.0,76.0,86.0,92.0,72.0,97.0,99.0,99.0,79.0,84.0,98.0,86.0,87.0,98.0,98.0,95.0,95.0,97.0,93.0,96.0,95.0,96.0,94.0,47.0,95.0,96.0,93.0,,96.0,92.0,97.0,85.0,95.0,92.0,99.0,63.0,94.0,94.0,76.0,96.0,96.0,97.0,98.0,93.0,,95.0,74.0,95.0,88.0,86.0,73.0,98.0,93.0,93.0,38.0,68.0,99.0,98.0,99.0,67.0,97.0,91.0,82.0,90.0,94.0,91.0,98.0,97.0,96.0,94.0,94.0,98.0,89.0,95.0,99.0,98.0,99.0,97.0,99.0,87.0,97.0,77.0,94.0,98.0,,96.0,,98.0,88.0,45.0,92.0,,94.0,96.0,,77.0,90.0,97.0,99.0,93.0,95.0,89.0,95.0,,,83.0,99.0,95.0,98.0,91.0,94.0,88.0,77.0,96.0,95.0,97.0,94.0,94.0,97.0,94.0,91.0,86.0,96.0,74.0,94.0,95.0
26,1991,47.0,92.0,96.0,,51.0,97.0,93.0,,97.0,96.0,,97.0,99.0,88.0,94.0,,97.0,94.0,83.0,97.0,68.0,,99.0,92.0,98.0,99.0,86.0,94.0,95.0,63.0,67.0,96.0,85.0,41.0,97.0,97.0,94.0,76.0,90.0,95.0,96.0,64.0,,99.0,97.0,,98.0,39.0,98.0,77.0,98.0,88.0,81.0,91.0,82.0,96.0,,,45.0,99.0,98.0,97.0,94.0,96.0,,93.0,82.0,95.0,95.0,84.0,61.0,84.0,93.0,70.0,97.0,99.0,99.0,80.0,83.0,96.0,90.0,86.0,97.0,98.0,95.0,97.0,97.0,,92.0,88.0,93.0,,46.0,,95.0,92.0,,95.0,,97.0,77.0,95.0,93.0,98.0,59.0,95.0,88.0,65.0,97.0,96.0,92.0,98.0,93.0,,93.0,71.0,94.0,87.0,88.0,71.0,98.0,93.0,91.0,36.0,64.0,99.0,98.0,98.0,74.0,98.0,94.0,93.0,86.0,88.0,96.0,98.0,98.0,95.0,92.0,,98.0,,97.0,99.0,98.0,99.0,92.0,99.0,95.0,97.0,75.0,,98.0,,97.0,,,91.0,44.0,93.0,,95.0,95.0,,83.0,91.0,92.0,99.0,93.0,95.0,,96.0,,,87.0,96.0,94.0,97.0,89.0,,90.0,75.0,,95.0,96.0,93.0,95.0,98.0,,94.0,84.0,96.0,61.0,94.0,95.0
27,1990,50.0,97.0,96.0,,48.0,99.0,95.0,,98.0,96.0,,95.0,97.0,86.0,97.0,,97.0,97.0,86.0,98.0,66.0,,99.0,86.0,97.0,99.0,92.0,95.0,96.0,63.0,70.0,96.0,95.0,44.0,98.0,98.0,96.0,97.0,92.0,97.0,98.0,77.0,,97.0,97.0,,98.0,60.0,98.0,95.0,97.0,87.0,87.0,95.0,93.0,96.0,,,73.0,98.0,96.0,97.0,96.0,98.0,,93.0,80.0,77.0,93.0,86.0,40.0,82.0,94.0,66.0,94.0,99.0,99.0,88.0,82.0,97.0,93.0,85.0,97.0,94.0,95.0,96.0,97.0,,92.0,98.0,88.0,,41.0,,94.0,91.0,,94.0,,96.0,71.0,95.0,95.0,97.0,67.0,84.0,97.0,69.0,95.0,77.0,95.0,99.0,94.0,,93.0,71.0,96.0,,90.0,68.0,98.0,96.0,88.0,46.0,79.0,99.0,95.0,98.0,77.0,99.0,95.0,97.0,86.0,89.0,96.0,98.0,96.0,94.0,90.0,,98.0,,94.0,99.0,96.0,98.0,96.0,99.0,97.0,97.0,75.0,,99.0,,95.0,,,91.0,42.0,89.0,,95.0,95.0,,83.0,94.0,96.0,99.0,96.0,93.0,,97.0,,,90.0,97.0,94.0,97.0,94.0,,99.0,72.0,,95.0,94.0,92.0,96.0,98.0,,91.0,84.0,96.0,94.0,97.0,96.0
28,1989,58.0,97.0,95.0,,41.0,99.0,93.0,,97.0,96.0,,95.0,98.0,73.0,92.0,,97.0,88.0,68.0,91.0,76.0,,99.0,79.0,97.0,99.0,81.0,94.0,99.0,72.0,73.0,95.0,84.0,44.0,98.0,98.0,92.0,94.0,92.0,96.0,95.0,67.0,,98.0,97.0,,98.0,63.0,98.0,91.0,97.0,80.0,78.0,96.0,84.0,72.0,,,51.0,98.0,96.0,98.0,96.0,96.0,,93.0,75.0,77.0,95.0,74.0,40.0,86.0,91.0,74.0,95.0,99.0,99.0,74.0,80.0,94.0,97.0,85.0,97.0,,95.0,95.0,97.0,,92.0,92.0,97.0,,45.0,,92.0,91.0,,95.0,,96.0,70.0,95.0,92.0,97.0,51.0,72.0,97.0,63.0,95.0,85.0,98.0,99.0,94.0,,93.0,72.0,74.0,,91.0,69.0,98.0,93.0,87.0,35.0,72.0,99.0,94.0,98.0,65.0,92.0,88.0,77.0,82.0,80.0,95.0,98.0,96.0,93.0,96.0,,98.0,,94.0,99.0,97.0,98.0,86.0,99.0,84.0,98.0,72.0,,98.0,,96.0,,,86.0,41.0,88.0,,97.0,95.0,,82.0,89.0,96.0,99.0,96.0,99.0,,96.0,,,93.0,97.0,91.0,97.0,92.0,,95.0,70.0,,94.0,92.0,91.0,97.0,96.0,,82.0,80.0,96.0,79.0,94.0,95.0
29,1988,60.0,98.0,93.0,,33.0,98.0,93.0,,96.0,96.0,,95.0,98.0,39.0,91.0,,93.0,90.0,51.0,88.0,53.0,,96.0,80.0,96.0,99.0,74.0,68.0,96.0,70.0,68.0,95.0,67.0,36.0,98.0,98.0,90.0,68.0,89.0,97.0,95.0,56.0,,98.0,96.0,,95.0,66.0,97.0,85.0,98.0,80.0,77.0,95.0,84.0,42.0,,,39.0,98.0,99.0,92.0,86.0,96.0,,93.0,72.0,94.0,85.0,72.0,39.0,95.0,84.0,72.0,90.0,99.0,99.0,65.0,77.0,96.0,98.0,68.0,97.0,,94.0,95.0,97.0,,92.0,84.0,97.0,,40.0,,84.0,90.0,,94.0,,96.0,67.0,94.0,76.0,95.0,41.0,95.0,97.0,62.0,95.0,82.0,95.0,99.0,94.0,,94.0,63.0,53.0,,86.0,70.0,98.0,87.0,72.0,29.0,61.0,99.0,94.0,96.0,63.0,99.0,91.0,72.0,79.0,82.0,92.0,98.0,93.0,87.0,80.0,,98.0,,93.0,97.0,92.0,98.0,96.0,99.0,91.0,96.0,81.0,,97.0,,96.0,,,87.0,51.0,88.0,,97.0,94.0,,65.0,84.0,96.0,99.0,96.0,83.0,,93.0,,,84.0,97.0,94.0,97.0,95.0,,96.0,67.0,,94.0,91.0,95.0,98.0,94.0,,80.0,79.0,88.0,61.0,94.0,95.0
30,1987,50.0,98.0,92.0,,31.0,98.0,91.0,,93.0,96.0,,95.0,98.0,29.0,92.0,,98.0,87.0,46.0,84.0,60.0,,93.0,80.0,95.0,99.0,53.0,87.0,97.0,62.0,63.0,95.0,46.0,36.0,97.0,91.0,80.0,88.0,89.0,94.0,97.0,56.0,,95.0,97.0,,95.0,63.0,97.0,50.0,98.0,93.0,75.0,93.0,77.0,31.0,,,39.0,96.0,98.0,96.0,76.0,95.0,,93.0,67.0,94.0,93.0,39.0,37.0,87.0,86.0,53.0,80.0,99.0,99.0,55.0,74.0,80.0,98.0,69.0,97.0,,93.0,95.0,96.0,,91.0,61.0,97.0,,31.0,,71.0,89.0,,94.0,,98.0,60.0,92.0,78.0,67.0,28.0,95.0,,55.0,94.0,83.0,80.0,,93.0,,95.0,64.0,47.0,,78.0,71.0,98.0,86.0,75.0,27.0,54.0,99.0,93.0,96.0,61.0,93.0,89.0,69.0,80.0,68.0,90.0,98.0,94.0,89.0,80.0,,97.0,,96.0,98.0,95.0,98.0,97.0,99.0,89.0,96.0,80.0,,96.0,,98.0,,,86.0,50.0,89.0,,91.0,91.0,,52.0,88.0,95.0,99.0,96.0,71.0,,91.0,,,92.0,99.0,92.0,94.0,95.0,,81.0,55.0,,93.0,90.0,92.0,98.0,95.0,,79.0,80.0,74.0,41.0,94.0,94.0
31,1986,32.0,98.0,92.0,,31.0,98.0,86.0,,91.0,96.0,,95.0,97.0,22.0,92.0,,98.0,98.0,36.0,77.0,67.0,,98.0,80.0,95.0,99.0,48.0,76.0,77.0,62.0,58.0,,42.0,31.0,96.0,92.0,72.0,88.0,88.0,95.0,96.0,55.0,,99.0,97.0,,82.0,57.0,97.0,48.0,97.0,93.0,69.0,93.0,74.0,21.0,,,27.0,88.0,98.0,98.0,66.0,93.0,,96.0,60.0,93.0,98.0,62.0,37.0,88.0,84.0,48.0,83.0,99.0,99.0,44.0,72.0,80.0,98.0,69.0,97.0,,90.0,94.0,96.0,,89.0,62.0,97.0,,24.0,,55.0,91.0,,94.0,,95.0,55.0,80.0,73.0,67.0,28.0,95.0,,57.0,95.0,75.0,,,93.0,,84.0,57.0,44.0,,82.0,63.0,98.0,88.0,70.0,24.0,46.0,93.0,94.0,94.0,59.0,98.0,88.0,69.0,77.0,74.0,86.0,98.0,93.0,89.0,91.0,,96.0,,95.0,99.0,92.0,98.0,97.0,99.0,85.0,95.0,77.0,,97.0,,97.0,,,67.0,40.0,88.0,,96.0,91.0,,36.0,93.0,90.0,99.0,96.0,90.0,,86.0,,,59.0,91.0,88.0,89.0,70.0,,90.0,45.0,,92.0,86.0,90.0,98.0,88.0,,56.0,80.0,68.0,35.0,86.0,91.0
32,1985,37.0,98.0,88.0,,28.0,99.0,86.0,,87.0,96.0,,95.0,96.0,20.0,94.0,,98.0,81.0,36.0,66.0,58.0,,98.0,86.0,96.0,99.0,35.0,61.0,64.0,47.0,52.0,,44.0,21.0,99.0,92.0,82.0,75.0,77.0,92.0,96.0,50.0,,97.0,82.0,,78.0,62.0,99.0,46.0,97.0,64.0,66.0,94.0,78.0,21.0,,,25.0,87.0,98.0,98.0,56.0,90.0,,93.0,46.0,77.0,82.0,45.0,37.0,57.0,91.0,42.0,80.0,99.0,99.0,41.0,52.0,75.0,98.0,70.0,95.0,,82.0,94.0,95.0,,88.0,62.0,96.0,,22.0,,40.0,92.0,,93.0,,91.0,47.0,78.0,68.0,53.0,28.0,62.0,,52.0,96.0,65.0,,,93.0,,75.0,54.0,39.0,,86.0,57.0,98.0,89.0,64.0,22.0,39.0,83.0,95.0,82.0,55.0,,90.0,65.0,80.0,72.0,81.0,97.0,89.0,88.0,91.0,,98.0,,74.0,97.0,95.0,96.0,96.0,99.0,72.0,93.0,,,95.0,,92.0,,,63.0,46.0,91.0,,92.0,88.0,,28.0,94.0,82.0,99.0,,54.0,,83.0,,,48.0,97.0,91.0,88.0,78.0,,76.0,36.0,,91.0,85.0,86.0,98.0,84.0,,55.0,73.0,67.0,33.0,86.0,84.0
33,1984,39.0,98.0,,,28.0,97.0,83.0,,83.0,96.0,,87.0,95.0,18.0,94.0,,98.0,77.0,,53.0,25.0,,98.0,87.0,98.0,99.0,,51.0,56.0,40.0,46.0,,40.0,21.0,99.0,90.0,82.0,56.0,77.0,72.0,97.0,42.0,,95.0,55.0,,86.0,52.0,95.0,45.0,94.0,59.0,72.0,87.0,56.0,,,,22.0,91.0,98.0,97.0,46.0,91.0,,97.0,42.0,82.0,91.0,72.0,37.0,57.0,88.0,36.0,66.0,99.0,99.0,39.0,35.0,58.0,81.0,70.0,95.0,,80.0,94.0,93.0,,80.0,41.0,96.0,,24.0,,22.0,88.0,,93.0,,87.0,42.0,80.0,67.0,48.0,,74.0,,45.0,95.0,76.0,,,91.0,,70.0,57.0,33.0,,86.0,52.0,98.0,94.0,58.0,24.0,29.0,68.0,96.0,70.0,47.0,,81.0,59.0,86.0,53.0,80.0,98.0,92.0,82.0,91.0,,,,78.0,98.0,94.0,95.0,98.0,99.0,73.0,91.0,,,98.0,,91.0,,,70.0,31.0,91.0,,98.0,86.0,,22.0,93.0,74.0,99.0,,50.0,,77.0,,,32.0,75.0,85.0,86.0,79.0,,62.0,36.0,,81.0,85.0,80.0,98.0,83.0,,53.0,58.0,24.0,27.0,81.0,82.0
34,1983,24.0,98.0,,,25.0,99.0,82.0,,78.0,96.0,,85.0,94.0,18.0,87.0,,98.0,81.0,,39.0,31.0,,97.0,82.0,95.0,99.0,,69.0,47.0,,44.0,,39.0,18.0,96.0,80.0,67.0,,74.0,80.0,95.0,,,99.0,59.0,,76.0,39.0,96.0,36.0,97.0,54.0,56.0,80.0,45.0,,,,22.0,93.0,97.0,96.0,36.0,88.0,,97.0,47.0,89.0,87.0,69.0,37.0,45.0,79.0,29.0,76.0,99.0,97.0,36.0,25.0,58.0,39.0,67.0,96.0,,75.0,93.0,91.0,,,65.0,96.0,,27.0,,22.0,83.0,,92.0,,91.0,47.0,84.0,71.0,35.0,,,,44.0,96.0,66.0,,,92.0,,66.0,63.0,32.0,,,47.0,98.0,90.0,48.0,24.0,,56.0,96.0,56.0,37.0,,82.0,52.0,70.0,47.0,78.0,98.0,92.0,73.0,87.0,,,,81.0,96.0,93.0,93.0,96.0,99.0,51.0,86.0,,,98.0,,94.0,,,52.0,24.0,90.0,,,84.0,,21.0,95.0,68.0,99.0,,45.0,,73.0,,,41.0,84.0,82.0,83.0,79.0,,92.0,36.0,,74.0,81.0,76.0,98.0,90.0,,52.0,80.0,22.0,24.0,73.0,77.0
35,1982,24.0,98.0,,,,92.0,80.0,,72.0,96.0,,87.0,92.0,18.0,83.0,,98.0,74.0,,37.0,33.0,,97.0,79.0,99.0,99.0,,58.0,,,31.0,,36.0,,99.0,,51.0,,72.0,75.0,93.0,,,99.0,51.0,,75.0,40.0,97.0,25.0,99.0,53.0,60.0,80.0,67.0,,,,21.0,84.0,97.0,95.0,,91.0,,98.0,47.0,94.0,79.0,70.0,37.0,,77.0,35.0,71.0,99.0,98.0,33.0,18.0,66.0,41.0,68.0,97.0,,59.0,93.0,91.0,,,77.0,94.0,,27.0,,22.0,79.0,,89.0,,,37.0,84.0,90.0,18.0,,,,44.0,97.0,65.0,,,92.0,,57.0,68.0,29.0,,,41.0,98.0,90.0,52.0,25.0,,44.0,,48.0,24.0,,82.0,54.0,59.0,47.0,77.0,98.0,92.0,62.0,82.0,,,,63.0,97.0,92.0,86.0,95.0,,59.0,83.0,,,78.0,,94.0,,,47.0,24.0,,,,80.0,,20.0,82.0,64.0,99.0,,37.0,,73.0,,,36.0,76.0,77.0,,80.0,,89.0,33.0,,68.0,77.0,74.0,98.0,86.0,,46.0,77.0,,22.0,,71.0
36,1981,,97.0,,,,92.0,73.0,,65.0,96.0,,78.0,91.0,18.0,80.0,,98.0,77.0,,35.0,35.0,,93.0,72.0,97.0,99.0,,61.0,,,18.0,,32.0,,99.0,,44.0,,67.0,71.0,95.0,,,87.0,79.0,,76.0,41.0,97.0,,98.0,52.0,51.0,80.0,67.0,,,,21.0,88.0,97.0,92.0,,87.0,,98.0,46.0,98.0,68.0,67.0,,,70.0,36.0,59.0,99.0,99.0,25.0,18.0,54.0,35.0,61.0,97.0,,64.0,91.0,93.0,,,54.0,92.0,,27.0,,20.0,75.0,,86.0,,,,86.0,86.0,18.0,,,,41.0,94.0,68.0,,,92.0,,,79.0,24.0,,,39.0,98.0,89.0,47.0,25.0,,28.0,,42.0,21.0,,92.0,57.0,53.0,44.0,77.0,98.0,91.0,68.0,82.0,,,,40.0,86.0,84.0,57.0,86.0,,67.0,77.0,,,35.0,,95.0,,,60.0,20.0,,,,70.0,,18.0,52.0,55.0,99.0,,36.0,,76.0,,,29.0,62.0,83.0,,84.0,,73.0,29.0,,70.0,71.0,78.0,98.0,80.0,,,77.0,,21.0,,64.0
37,1980,22.0,97.0,,,,77.0,69.0,,58.0,96.0,,61.0,89.0,,82.0,,98.0,72.0,,25.0,32.0,,89.0,62.0,96.0,98.0,,,,,,,35.0,,97.0,,39.0,,67.0,65.0,95.0,,,86.0,59.0,,74.0,,97.0,,84.0,61.0,31.0,80.0,69.0,,,,,87.0,97.0,92.0,,89.0,,,27.0,89.0,50.0,68.0,,,60.0,21.0,53.0,99.0,99.0,25.0,,57.0,36.0,59.0,94.0,,48.0,82.0,55.0,,,68.0,86.0,,,,17.0,75.0,,82.0,,,,80.0,86.0,22.0,,,,,96.0,69.0,,,91.0,,,,22.0,,,28.0,98.0,91.0,39.0,,,27.0,,41.0,20.0,,72.0,57.0,40.0,39.0,72.0,98.0,90.0,82.0,,,,,,79.0,79.0,51.0,54.0,,,66.0,,,,,94.0,,,71.0,,,,,71.0,,18.0,50.0,,99.0,,35.0,,73.0,,,,65.0,51.0,,67.0,,61.0,,,32.0,66.0,81.0,98.0,77.0,,,79.0,,18.0,,
38,percChange,30.36,1.02,0.0,,49.06,0.0,3.19,2.11,3.16,3.13,19.51,0.0,3.13,8.79,4.21,1.02,1.02,3.16,0.0,4.21,20.73,4.65,0.0,18.67,0.0,-4.08,21.79,12.79,6.67,55.93,29.58,-2.04,-4.17,36.36,2.06,5.32,-2.11,17.07,37.1,8.79,4.21,40.0,1.03,3.13,0.0,0.0,31.08,95.12,3.19,36.36,0.0,11.36,0.0,0.0,-1.02,-57.45,29.33,-2.08,10.26,1.02,0.0,1.02,6.41,0.0,7.78,1.06,6.82,3.13,5.38,11.63,-9.72,23.38,3.19,4.0,2.06,0.0,-3.03,5.81,6.74,0.0,-17.05,8.89,-3.09,-1.02,2.06,0.0,0.0,-5.1,0.0,-10.87,0.0,-1.02,6.25,0.0,-13.4,4.26,,0.0,0.0,1.02,15.07,-7.29,1.02,1.02,11.69,0.0,-5.43,-2.25,1.04,1.02,3.26,0.0,3.13,,8.79,18.42,-2.08,11.36,27.27,8.24,0.0,-4.17,6.45,97.73,25.49,0.0,1.02,0.0,27.42,1.02,-1.03,8.75,11.24,-3.09,6.1,1.02,1.02,2.06,2.08,-4.08,-2.04,3.19,3.13,0.0,-1.04,0.0,-3.06,-21.21,11.49,1.03,9.09,0.0,-1.01,,4.26,0.0,0.0,11.24,15.56,-13.33,,3.13,2.06,1.02,22.78,-1.08,2.13,0.0,6.45,-36.46,22.5,2.06,0.0,,32.86,-16.16,1.04,1.02,11.24,1.02,1.02,11.25,-57.58,3.13,1.03,5.32,-1.02,0.0,1.02,-12.79,22.5,-1.03,5.56,5.32,-2.08
