,unicef_region,iso3,country,2016,2015,2014,2013,2012,2011,2010,2009,2008,2007,2006,2005,2004,2003,2002,2001,2000,1999,1998,1997,1996,1995,1994,1993,1992,1991,1990,1989,1988,1987,1986,1985,1984,1983,1982,1981,1980,GDP, Total (in thousdands) ,Pop % under 14, 15-24 , 25-59 , 60+ ,Pop # under 14
0,South Asia,AFG,Afghanistan,73.0,73.0,73.0,76.0,78.0,78.0,72.0,72.0,75.0,76.0,75.0,76.0,72.0,66.0,62.0,59.0,48.0,52.0,52.0,48.0,56.0,44.0,33.0,41.0,45.0,47.0,50.0,58.0,60.0,50.0,32.0,37.0,39.0,24.0,24.0,,22.0,"19,469","35,530",43.0,21.0,31,4.0,15277900.0
1,Eastern Europe & Central Asia,ALB,Albania,99.0,99.0,99.0,99.0,99.0,99.0,99.0,99.0,99.0,98.0,98.0,99.0,98.0,97.0,98.0,97.0,98.0,98.0,99.0,99.0,98.0,98.0,99.0,98.0,97.0,92.0,97.0,97.0,98.0,98.0,98.0,98.0,98.0,98.0,98.0,97.0,97.0,"11,927","2,930",17.0,16.0,48,19.0,498100.0
2,Middle East & North Africa,DZA,Algeria,96.0,99.0,99.0,99.0,99.0,99.0,99.0,98.0,97.0,98.0,98.0,94.0,93.0,93.0,93.0,92.0,95.0,92.0,94.0,96.0,96.0,96.0,95.0,96.0,96.0,96.0,96.0,95.0,93.0,92.0,92.0,88.0,,,,,,"156,080","41,318",29.0,15.0, zz ,9.0,11982220.0
3,Western Europe,AND,Andorra,99.0,99.0,99.0,98.0,99.0,99.0,99.0,99.0,99.0,98.0,97.0,99.0,99.0,99.0,99.0,98.0,99.0,96.0,96.0,96.0,,,,,,,,,,,,,,,,,, .. ,77,,,,,
4,Eastern & Southern Africa,AGO,Angola,79.0,77.0,81.0,79.0,83.0,88.0,93.0,79.0,88.0,73.0,57.0,54.0,69.0,64.0,62.0,55.0,44.0,51.0,59.0,66.0,53.0,48.0,52.0,55.0,45.0,51.0,48.0,41.0,33.0,31.0,31.0,28.0,28.0,25.0,,,,"89,633","29,784",47.0,19.0,30,4.0,13998480.0
5,Latin America & Caribbean,ATG,Antigua and Barbuda,99.0,99.0,99.0,99.0,99.0,99.0,99.0,99.0,99.0,99.0,99.0,99.0,99.0,99.0,98.0,99.0,98.0,99.0,99.0,99.0,99.0,99.0,99.0,99.0,99.0,97.0,99.0,99.0,98.0,98.0,98.0,99.0,97.0,99.0,92.0,92.0,77.0,"1,449",102,24.0,17.0,49,11.0,24480.0
6,Latin America & Caribbean,ARG,Argentina,97.0,94.0,98.0,94.0,94.0,94.0,95.0,94.0,97.0,94.0,93.0,99.0,99.0,96.0,96.0,96.0,96.0,96.0,96.0,96.0,94.0,95.0,94.0,93.0,93.0,93.0,95.0,93.0,93.0,91.0,86.0,86.0,83.0,82.0,80.0,73.0,69.0,"545,866","44,271",25.0,16.0,44,15.0,11067750.0
7,Eastern Europe & Central Asia,ARM,Armenia,97.0,97.0,97.0,97.0,98.0,98.0,98.0,97.0,96.0,96.0,95.0,96.0,97.0,98.0,98.0,98.0,97.0,97.0,93.0,96.0,95.0,98.0,95.0,95.0,95.0,,,,,,,,,,,,,"10,547","2,930",20.0,13.0,50,17.0,586000.0
8,East Asia & Pacific,AUS,Australia,98.0,97.0,92.0,92.0,92.0,92.0,97.0,97.0,97.0,97.0,97.0,97.0,97.0,97.0,97.0,97.0,96.0,96.0,84.0,91.0,95.0,95.0,96.0,96.0,97.0,97.0,98.0,97.0,96.0,93.0,91.0,87.0,83.0,78.0,72.0,65.0,58.0,"1,204,616","24,451",19.0,13.0,47,21.0,4645690.0
9,Western Europe,AUT,Austria,99.0,99.0,99.0,99.0,99.0,99.0,98.0,93.0,97.0,99.0,99.0,99.0,99.0,99.0,99.0,99.0,99.0,96.0,96.0,96.0,96.0,96.0,96.0,96.0,96.0,96.0,96.0,96.0,96.0,96.0,96.0,96.0,96.0,96.0,96.0,96.0,96.0,"386,428","8,735",14.0,11.0,50,25.0,1222900.0
10,Eastern Europe & Central Asia,AZE,Azerbaijan,98.0,97.0,96.0,95.0,94.0,94.0,94.0,90.0,90.0,87.0,86.0,81.0,84.0,83.0,82.0,83.0,83.0,83.0,81.0,78.0,82.0,79.0,77.0,65.0,64.0,,,,,,,,,,,,,"37,848","9,828",23.0,15.0,51,10.0,2260440.0
11,Latin America & Caribbean,BHS,Bahamas,95.0,99.0,96.0,99.0,99.0,99.0,99.0,99.0,99.0,98.0,95.0,99.0,99.0,99.0,99.0,99.0,99.0,96.0,96.0,95.0,95.0,95.0,97.0,97.0,97.0,97.0,95.0,95.0,95.0,95.0,95.0,95.0,87.0,85.0,87.0,78.0,61.0,"9,047",395,20.0,16.0,50,14.0,79000.0
12,Middle East & North Africa,BHR,Bahrain,99.0,98.0,98.0,99.0,99.0,99.0,99.0,98.0,98.0,97.0,99.0,99.0,99.0,99.0,99.0,99.0,98.0,99.0,98.0,98.0,96.0,98.0,99.0,97.0,97.0,99.0,97.0,98.0,98.0,98.0,97.0,96.0,95.0,94.0,92.0,91.0,89.0,"31,859","1,493",20.0,13.0,62,5.0,298600.0
13,South Asia,BGD,Bangladesh,99.0,99.0,99.0,98.0,97.0,99.0,98.0,99.0,99.0,98.0,97.0,97.0,99.0,93.0,95.0,94.0,92.0,91.0,89.0,92.0,91.0,87.0,94.0,79.0,86.0,88.0,86.0,73.0,39.0,29.0,22.0,20.0,18.0,18.0,18.0,18.0,,"221,415","164,670",28.0,19.0,45,7.0,46107600.0
14,Latin America & Caribbean,BRB,Barbados,99.0,99.0,98.0,97.0,96.0,95.0,94.0,93.0,85.0,93.0,94.0,97.0,97.0,91.0,92.0,92.0,93.0,95.0,96.0,98.0,95.0,97.0,96.0,95.0,96.0,94.0,97.0,92.0,91.0,92.0,92.0,94.0,94.0,87.0,83.0,80.0,82.0,"4,588",286,19.0,13.0,47,21.0,54340.0
15,Eastern Europe & Central Asia,BLR,Belarus,99.0,99.0,97.0,99.0,98.0,99.0,99.0,98.0,98.0,99.0,99.0,99.0,99.0,74.0,99.0,99.0,99.0,99.0,99.0,98.0,98.0,98.0,97.0,97.0,96.0,,,,,,,,,,,,,"47,433","9,468",17.0,10.0,52,21.0,1609560.0
16,Western Europe,BEL,Belgium,99.0,99.0,99.0,99.0,99.0,99.0,99.0,99.0,99.0,99.0,99.0,98.0,97.0,97.0,97.0,97.0,97.0,97.0,96.0,95.0,98.0,97.0,98.0,98.0,98.0,97.0,97.0,97.0,93.0,98.0,98.0,98.0,98.0,98.0,98.0,98.0,98.0,"466,366","11,429",17.0,11.0,47,25.0,1942930.0
17,Latin America & Caribbean,BLZ,Belize,98.0,97.0,96.0,96.0,99.0,98.0,99.0,99.0,98.0,98.0,98.0,98.0,98.0,98.0,97.0,97.0,96.0,96.0,95.0,95.0,95.0,94.0,96.0,96.0,96.0,94.0,97.0,88.0,90.0,87.0,98.0,81.0,77.0,81.0,74.0,77.0,72.0,"1,765",375,31.0,20.0,42,6.0,116250.0
18,West & Central Africa,BEN,Benin,86.0,86.0,86.0,86.0,89.0,85.0,87.0,89.0,91.0,94.0,89.0,84.0,85.0,86.0,87.0,88.0,89.0,88.0,87.0,86.0,86.0,82.0,89.0,87.0,86.0,83.0,86.0,68.0,51.0,46.0,36.0,36.0,,,,,,"8,583","11,176",43.0,20.0,32,5.0,4805680.0
19,South Asia,BTN,Bhutan,99.0,99.0,99.0,97.0,97.0,98.0,94.0,97.0,97.0,98.0,97.0,97.0,92.0,96.0,95.0,96.0,96.0,95.0,96.0,95.0,95.0,95.0,95.0,92.0,95.0,97.0,98.0,91.0,88.0,84.0,77.0,66.0,53.0,39.0,37.0,35.0,25.0,"2,237",808,27.0,19.0,47,7.0,218160.0
20,Latin America & Caribbean,BOL,Bolivia (Plurinational State of),99.0,99.0,99.0,98.0,97.0,98.0,97.0,97.0,96.0,85.0,87.0,93.0,88.0,96.0,94.0,91.0,92.0,92.0,86.0,80.0,82.0,84.0,80.0,76.0,70.0,68.0,66.0,76.0,53.0,60.0,67.0,58.0,25.0,31.0,33.0,35.0,32.0,"33,806","11,052",32.0,19.0,40,9.0,3536640.0
21,Eastern Europe & Central Asia,BIH,Bosnia and Herzegovina,90.0,89.0,92.0,94.0,95.0,94.0,95.0,95.0,95.0,96.0,94.0,95.0,93.0,93.0,86.0,94.0,90.0,90.0,91.0,92.0,86.0,78.0,94.0,63.0,80.0,,,,,,,,,,,,,"16,560","3,507",14.0,13.0,50,23.0,490980.0
22,Eastern & Southern Africa,BWA,Botswana,98.0,98.0,98.0,98.0,98.0,98.0,98.0,98.0,98.0,98.0,98.0,98.0,98.0,98.0,98.0,98.0,98.0,98.0,98.0,98.0,98.0,98.0,99.0,99.0,99.0,99.0,99.0,99.0,96.0,93.0,98.0,98.0,98.0,97.0,97.0,93.0,89.0,"15,275","2,292",31.0,19.0,43,6.0,710520.0
23,Latin America & Caribbean,BRA,Brazil,89.0,97.0,98.0,98.0,99.0,99.0,99.0,99.0,99.0,99.0,99.0,99.0,99.0,99.0,99.0,99.0,99.0,99.0,99.0,99.0,75.0,85.0,50.0,91.0,88.0,92.0,86.0,79.0,80.0,80.0,80.0,86.0,87.0,82.0,79.0,72.0,62.0,"1,796,187","209,288",22.0,16.0,49,13.0,46043360.0
24,East Asia & Pacific,BRN,Brunei Darussalam,99.0,99.0,99.0,99.0,99.0,99.0,98.0,99.0,99.0,99.0,99.0,99.0,99.0,99.0,99.0,99.0,99.0,99.0,99.0,99.0,99.0,99.0,99.0,99.0,98.0,98.0,97.0,97.0,96.0,95.0,95.0,96.0,98.0,95.0,99.0,97.0,96.0,"11,400",429,23.0,16.0,52,8.0,98670.0
25,Eastern Europe & Central Asia,BGR,Bulgaria,94.0,93.0,90.0,96.0,96.0,96.0,96.0,96.0,97.0,96.0,97.0,97.0,95.0,96.0,97.0,95.0,95.0,96.0,96.0,97.0,98.0,98.0,97.0,98.0,98.0,99.0,99.0,99.0,99.0,99.0,99.0,99.0,99.0,99.0,99.0,99.0,98.0,"52,395","7,085",14.0,9.0,49,28.0,991900.0
26,West & Central Africa,BFA,Burkina Faso,95.0,95.0,95.0,94.0,94.0,93.0,93.0,93.0,97.0,92.0,91.0,91.0,90.0,90.0,89.0,93.0,97.0,83.0,77.0,78.0,78.0,79.0,79.0,79.0,79.0,86.0,92.0,81.0,74.0,53.0,48.0,35.0,,,,,,"12,115","19,193",45.0,20.0,31,4.0,8636850.0
27,Eastern & Southern Africa,BDI,Burundi,97.0,97.0,98.0,98.0,98.0,99.0,99.0,99.0,98.0,99.0,99.0,96.0,95.0,93.0,91.0,90.0,88.0,86.0,86.0,86.0,86.0,86.0,72.0,84.0,93.0,94.0,95.0,94.0,68.0,87.0,76.0,61.0,51.0,69.0,58.0,61.0,,"3,007","10,864",45.0,19.0,31,4.0,4888800.0
28,West & Central Africa,CPV,Cabo Verde,96.0,97.0,99.0,93.0,98.0,99.0,99.0,99.0,99.0,99.0,98.0,97.0,96.0,95.0,95.0,94.0,94.0,93.0,93.0,92.0,90.0,90.0,95.0,96.0,96.0,95.0,96.0,99.0,96.0,97.0,77.0,64.0,56.0,47.0,,,,"1,617",546,30.0,21.0,42,7.0,163800.0
29,East Asia & Pacific,KHM,Cambodia,92.0,92.0,92.0,92.0,94.0,94.0,92.0,99.0,95.0,87.0,85.0,85.0,92.0,74.0,60.0,65.0,78.0,73.0,78.0,62.0,59.0,55.0,53.0,51.0,48.0,63.0,63.0,72.0,70.0,62.0,62.0,47.0,40.0,,,,,"20,017","16,005",31.0,20.0,42,7.0,4961550.0
30,West & Central Africa,CMR,Cameroon,92.0,92.0,93.0,95.0,94.0,90.0,92.0,88.0,93.0,90.0,87.0,85.0,80.0,79.0,75.0,70.0,66.0,69.0,71.0,72.0,71.0,71.0,63.0,62.0,62.0,67.0,70.0,73.0,68.0,63.0,58.0,52.0,46.0,44.0,31.0,18.0,,"24,204","24,054",43.0,20.0,33,5.0,10343220.0
31,North America,CAN,Canada,96.0,96.0,96.0,96.0,99.0,96.0,96.0,96.0,96.0,96.0,96.0,96.0,96.0,95.0,95.0,95.0,95.0,95.0,95.0,95.0,98.0,97.0,97.0,96.0,96.0,96.0,96.0,95.0,95.0,95.0,,,,,,,,"1,529,760","36,624",16.0,12.0,48,23.0,5859840.0
32,West & Central Africa,CAF,Central African Republic,69.0,69.0,69.0,35.0,69.0,69.0,67.0,65.0,65.0,65.0,64.0,64.0,64.0,65.0,65.0,65.0,60.0,55.0,61.0,66.0,72.0,77.0,76.0,75.0,75.0,85.0,95.0,84.0,67.0,46.0,42.0,44.0,40.0,39.0,36.0,32.0,35.0,"1,756","4,659",43.0,21.0,30,5.0,2003370.0
33,West & Central Africa,TCD,Chad,60.0,60.0,60.0,58.0,57.0,55.0,55.0,45.0,47.0,50.0,58.0,46.0,35.0,45.0,45.0,44.0,45.0,45.0,47.0,48.0,44.0,41.0,41.0,35.0,31.0,41.0,44.0,44.0,36.0,36.0,31.0,21.0,21.0,18.0,,,,"9,601","14,900",47.0,20.0,28,4.0,7003000.0
34,Latin America & Caribbean,CHL,Chile,99.0,97.0,99.0,92.0,90.0,98.0,93.0,94.0,96.0,98.0,95.0,92.0,94.0,98.0,98.0,99.0,98.0,97.0,97.0,96.0,97.0,97.0,97.0,96.0,96.0,97.0,98.0,98.0,98.0,97.0,96.0,99.0,99.0,96.0,99.0,99.0,97.0,"247,028","18,055",20.0,15.0,49,16.0,3611000.0
35,East Asia & Pacific,CHN,China,99.0,99.0,99.0,99.0,99.0,99.0,99.0,99.0,99.0,99.0,99.0,95.0,95.0,95.0,95.0,95.0,94.0,94.0,94.0,94.0,94.0,93.0,95.0,96.0,97.0,97.0,98.0,98.0,98.0,91.0,92.0,92.0,90.0,80.0,,,,"11,199,145","1,409,517",18.0,12.0,54,16.0,253713060.0
36,Latin America & Caribbean,COL,Colombia,93.0,93.0,91.0,97.0,91.0,95.0,96.0,97.0,97.0,97.0,97.0,97.0,90.0,94.0,93.0,82.0,91.0,95.0,95.0,94.0,95.0,95.0,95.0,94.0,92.0,94.0,96.0,92.0,90.0,80.0,72.0,82.0,82.0,67.0,51.0,44.0,39.0,"282,463","49,066",23.0,17.0,48,12.0,11285180.0
37,Eastern & Southern Africa,COM,Comoros,96.0,96.0,93.0,90.0,91.0,92.0,81.0,89.0,85.0,79.0,78.0,77.0,85.0,82.0,96.0,85.0,85.0,73.0,90.0,72.0,82.0,91.0,80.0,88.0,63.0,76.0,97.0,94.0,68.0,88.0,88.0,75.0,56.0,,,,,617,814,40.0,20.0,36,5.0,325600.0
38,West & Central Africa,COG,Congo,85.0,85.0,95.0,90.0,90.0,90.0,90.0,92.0,93.0,80.0,81.0,73.0,67.0,62.0,50.0,44.0,45.0,46.0,46.0,47.0,62.0,74.0,78.0,82.0,86.0,90.0,92.0,92.0,89.0,89.0,88.0,77.0,77.0,74.0,72.0,67.0,67.0,"7,834","5,261",42.0,18.0,34,5.0,2209620.0
39,East Asia & Pacific,COK,Cook Islands,99.0,99.0,99.0,98.0,98.0,98.0,99.0,99.0,99.0,99.0,99.0,99.0,99.0,96.0,99.0,97.0,99.0,98.0,98.0,97.0,91.0,97.0,95.0,99.0,95.0,95.0,97.0,96.0,97.0,94.0,95.0,92.0,72.0,80.0,75.0,71.0,65.0,,17,,,,,
40,Latin America & Caribbean,CRI,Costa Rica,99.0,93.0,91.0,98.0,92.0,87.0,96.0,91.0,90.0,90.0,89.0,97.0,96.0,89.0,98.0,91.0,90.0,92.0,95.0,97.0,95.0,95.0,96.0,96.0,96.0,96.0,98.0,95.0,95.0,97.0,96.0,96.0,97.0,95.0,93.0,95.0,95.0,"57,436","4,906",22.0,16.0,49,14.0,1079320.0
41,West & Central Africa,CIV,Côte d’Ivoire,98.0,99.0,93.0,89.0,93.0,75.0,95.0,95.0,89.0,93.0,95.0,83.0,73.0,71.0,76.0,81.0,85.0,77.0,74.0,77.0,70.0,64.0,72.0,77.0,73.0,64.0,77.0,67.0,56.0,56.0,55.0,50.0,42.0,,,,,"36,165","24,295",42.0,20.0,33,5.0,10203900.0
42,Eastern Europe & Central Asia,HRV,Croatia,98.0,98.0,98.0,98.0,98.0,97.0,97.0,97.0,97.0,96.0,96.0,96.0,96.0,98.0,99.0,94.0,95.0,96.0,96.0,97.0,97.0,96.0,95.0,95.0,94.0,,,,,,,,,,,,,"50,425","4,189",15.0,11.0,47,27.0,628350.0
43,Latin America & Caribbean,CUB,Cuba,99.0,99.0,99.0,99.0,99.0,99.0,96.0,98.0,96.0,97.0,98.0,99.0,89.0,90.0,99.0,99.0,98.0,95.0,99.0,99.0,96.0,99.0,99.0,99.0,97.0,99.0,97.0,98.0,98.0,95.0,99.0,97.0,95.0,99.0,99.0,87.0,86.0,"87,133","11,485",16.0,12.0,52,20.0,1837600.0
44,Western Europe,CYP,Cyprus,98.0,98.0,99.0,99.0,99.0,99.0,99.0,99.0,98.0,98.0,98.0,98.0,98.0,98.0,98.0,98.0,98.0,98.0,98.0,98.0,98.0,98.0,98.0,98.0,97.0,97.0,97.0,97.0,96.0,97.0,97.0,82.0,55.0,59.0,51.0,79.0,59.0,"19,802","1,180",17.0,15.0,50,18.0,200600.0
45,Western Europe,CZE,Czech Republic,98.0,99.0,99.0,99.0,99.0,99.0,99.0,99.0,99.0,99.0,99.0,99.0,99.0,99.0,99.0,99.0,99.0,99.0,99.0,99.0,98.0,98.0,98.0,99.0,,,,,,,,,,,,,,"192,925","10,618",15.0,9.0,50,26.0,1592700.0
46,East Asia & Pacific,PRK,Democratic People’s Republic of Korea,97.0,97.0,94.0,94.0,97.0,95.0,94.0,94.0,93.0,93.0,91.0,83.0,75.0,70.0,65.0,63.0,61.0,58.0,56.0,54.0,74.0,84.0,91.0,96.0,96.0,98.0,98.0,98.0,95.0,95.0,82.0,78.0,86.0,76.0,75.0,76.0,74.0, .. ,"25,491",21.0,15.0,51,13.0,5353110.0
47,West & Central Africa,COD,Democratic Republic of the Congo,80.0,82.0,81.0,79.0,81.0,85.0,71.0,82.0,73.0,78.0,71.0,68.0,66.0,53.0,47.0,49.0,49.0,46.0,44.0,41.0,41.0,47.0,51.0,54.0,47.0,39.0,60.0,63.0,66.0,63.0,57.0,62.0,52.0,39.0,40.0,41.0,,"34,999","81,340",46.0,19.0,30,5.0,37416400.0
48,Western Europe,DNK,Denmark,97.0,96.0,96.0,97.0,97.0,94.0,93.0,90.0,89.0,87.0,93.0,93.0,95.0,98.0,99.0,97.0,98.0,99.0,99.0,97.0,94.0,97.0,96.0,97.0,98.0,98.0,98.0,98.0,97.0,97.0,97.0,99.0,95.0,96.0,97.0,97.0,97.0,"306,143","5,734",16.0,13.0,45,25.0,917440.0
49,Eastern & Southern Africa,DJI,Djibouti,90.0,90.0,93.0,87.0,85.0,89.0,90.0,90.0,90.0,92.0,76.0,73.0,81.0,76.0,72.0,65.0,66.0,63.0,60.0,57.0,66.0,66.0,66.0,66.0,66.0,77.0,95.0,91.0,85.0,50.0,48.0,46.0,45.0,36.0,25.0,,,"1,727",957,31.0,20.0,42,6.0,296670.0
50,Latin America & Caribbean,DMA,Dominica,99.0,99.0,99.0,98.0,98.0,99.0,99.0,99.0,96.0,98.0,98.0,99.0,99.0,99.0,99.0,99.0,99.0,99.0,99.0,97.0,99.0,99.0,99.0,99.0,99.0,98.0,97.0,97.0,98.0,98.0,97.0,97.0,94.0,97.0,99.0,98.0,84.0,525,74,,,,,
51,Latin America & Caribbean,DOM,Dominican Republic,98.0,99.0,95.0,91.0,92.0,91.0,96.0,85.0,86.0,87.0,93.0,92.0,87.0,88.0,92.0,95.0,91.0,95.0,91.0,86.0,88.0,89.0,90.0,91.0,90.0,88.0,87.0,80.0,80.0,93.0,93.0,64.0,59.0,54.0,53.0,52.0,61.0,"71,584","10,767",29.0,18.0,43,10.0,3122430.0
52,Latin America & Caribbean,ECU,Ecuador,94.0,80.0,84.0,87.0,88.0,89.0,91.0,98.0,98.0,98.0,96.0,96.0,95.0,95.0,95.0,95.0,94.0,93.0,94.0,93.0,94.0,94.0,94.0,95.0,95.0,81.0,87.0,78.0,77.0,75.0,69.0,66.0,72.0,56.0,60.0,51.0,31.0,"97,802","16,625",28.0,18.0,43,10.0,4655000.0
53,Middle East & North Africa,EGY,Egypt,96.0,94.0,96.0,97.0,94.0,97.0,97.0,97.0,98.0,98.0,98.0,98.0,98.0,98.0,98.0,99.0,98.0,98.0,97.0,96.0,96.0,96.0,94.0,93.0,92.0,91.0,95.0,96.0,95.0,93.0,93.0,94.0,87.0,80.0,80.0,80.0,80.0,"336,297","97,553",33.0,17.0,42,8.0,32192490.0
54,Latin America & Caribbean,SLV,El Salvador,97.0,93.0,96.0,97.0,92.0,90.0,90.0,97.0,99.0,99.0,98.0,96.0,96.0,98.0,93.0,97.0,99.0,98.0,99.0,98.0,98.0,99.0,96.0,92.0,82.0,82.0,93.0,84.0,84.0,77.0,74.0,78.0,56.0,45.0,67.0,67.0,69.0,"26,797","6,378",27.0,20.0,41,12.0,1722060.0
55,West & Central Africa,GNQ,Equatorial Guinea,40.0,28.0,59.0,49.0,56.0,59.0,59.0,60.0,60.0,61.0,61.0,62.0,62.0,63.0,63.0,64.0,64.0,65.0,94.0,94.0,94.0,94.0,94.0,94.0,95.0,96.0,96.0,72.0,42.0,31.0,21.0,21.0,,,,,,"10,179","1,268",37.0,19.0,40,4.0,469160.0
56,Eastern & Southern Africa,ERI,Eritrea,97.0,98.0,97.0,97.0,97.0,99.0,96.0,96.0,98.0,95.0,97.0,99.0,99.0,97.0,94.0,91.0,88.0,97.0,90.0,83.0,75.0,68.0,61.0,49.0,,,,,,,,,,,,,, .. ,"5,069",42.0,19.0,34,5.0,2128980.0
57,Western Europe,EST,Estonia,94.0,94.0,95.0,96.0,96.0,96.0,96.0,97.0,97.0,98.0,98.0,99.0,98.0,99.0,99.0,99.0,96.0,98.0,97.0,96.0,96.0,94.0,92.0,90.0,,,,,,,,,,,,,,"23,137","1,310",16.0,9.0,48,26.0,209600.0
58,Eastern & Southern Africa,ETH,Ethiopia,86.0,86.0,86.0,84.0,82.0,80.0,77.0,74.0,71.0,67.0,64.0,61.0,58.0,55.0,52.0,50.0,47.0,44.0,61.0,78.0,78.0,80.0,80.0,53.0,35.0,45.0,73.0,51.0,39.0,39.0,27.0,25.0,22.0,22.0,21.0,21.0,,"72,374","104,957",41.0,22.0,32,5.0,43032370.0
59,East Asia & Pacific,FJI,Fiji,99.0,99.0,99.0,99.0,99.0,99.0,99.0,99.0,99.0,99.0,99.0,99.0,99.0,98.0,98.0,97.0,97.0,96.0,96.0,95.0,98.0,98.0,98.0,98.0,98.0,99.0,98.0,98.0,98.0,96.0,88.0,87.0,91.0,93.0,84.0,88.0,87.0,"4,632",906,28.0,17.0,45,10.0,253680.0
60,Western Europe,FIN,Finland,99.0,99.0,99.0,99.0,99.0,99.0,99.0,99.0,99.0,99.0,99.0,99.0,98.0,98.0,99.0,99.0,99.0,99.0,99.0,99.0,99.0,99.0,99.0,99.0,99.0,98.0,96.0,96.0,99.0,98.0,98.0,98.0,98.0,97.0,97.0,97.0,97.0,"236,785","5,523",16.0,11.0,44,28.0,883680.0
61,Western Europe,FRA,France,99.0,99.0,99.0,99.0,99.0,99.0,99.0,99.0,99.0,99.0,99.0,99.0,99.0,99.0,99.0,99.0,99.0,99.0,99.0,99.0,98.0,98.0,98.0,97.0,97.0,97.0,97.0,98.0,92.0,96.0,98.0,98.0,97.0,96.0,95.0,92.0,92.0,"2,465,454","64,980",18.0,12.0,44,26.0,11696400.0
62,West & Central Africa,GAB,Gabon,83.0,87.0,77.0,80.0,86.0,82.0,82.0,81.0,85.0,86.0,69.0,69.0,69.0,69.0,69.0,69.0,69.0,69.0,72.0,75.0,78.0,81.0,85.0,88.0,92.0,94.0,96.0,96.0,86.0,76.0,66.0,56.0,46.0,36.0,,,,"14,214","2,025",36.0,18.0,40,6.0,729000.0
63,West & Central Africa,GMB,Gambia,99.0,99.0,98.0,99.0,99.0,99.0,99.0,98.0,96.0,98.0,98.0,95.0,96.0,97.0,96.0,97.0,97.0,97.0,98.0,98.0,99.0,99.0,99.0,99.0,97.0,96.0,98.0,96.0,96.0,95.0,93.0,90.0,91.0,88.0,91.0,87.0,89.0,965,"2,101",45.0,20.0,31,4.0,945450.0
64,Eastern Europe & Central Asia,GEO,Georgia,97.0,97.0,99.0,99.0,94.0,98.0,99.0,99.0,99.0,99.0,99.0,91.0,88.0,95.0,96.0,97.0,89.0,88.0,87.0,88.0,90.0,91.0,80.0,77.0,80.0,,,,,,,,,,,,,"14,333","3,912",19.0,12.0,48,21.0,743280.0
65,Western Europe,DEU,Germany,95.0,95.0,95.0,95.0,95.0,95.0,95.0,98.0,98.0,98.0,98.0,98.0,98.0,99.0,95.0,95.0,95.0,99.0,95.0,95.0,94.0,92.0,90.0,83.0,95.0,93.0,93.0,93.0,93.0,93.0,96.0,93.0,97.0,97.0,98.0,98.0,,"3,466,757","82,114",13.0,10.0,49,28.0,10674820.0
66,West & Central Africa,GHA,Ghana,94.0,97.0,99.0,94.0,92.0,94.0,96.0,96.0,96.0,96.0,87.0,88.0,88.0,87.0,84.0,81.0,96.0,86.0,87.0,88.0,88.0,88.0,88.0,86.0,83.0,82.0,80.0,75.0,72.0,67.0,60.0,46.0,42.0,47.0,47.0,46.0,27.0,"42,690","28,834",39.0,20.0,37,5.0,11245260.0
67,Western Europe,GRC,Greece,99.0,99.0,99.0,99.0,99.0,99.0,99.0,99.0,99.0,99.0,99.0,96.0,96.0,96.0,96.0,96.0,96.0,96.0,96.0,96.0,96.0,96.0,96.0,96.0,96.0,95.0,77.0,77.0,94.0,94.0,93.0,77.0,82.0,89.0,94.0,98.0,89.0,"194,559","11,160",14.0,10.0,49,26.0,1562400.0
68,Latin America & Caribbean,GRD,Grenada,98.0,94.0,97.0,99.0,99.0,98.0,99.0,99.0,99.0,98.0,97.0,99.0,87.0,99.0,99.0,98.0,99.0,96.0,99.0,98.0,93.0,98.0,97.0,96.0,96.0,95.0,93.0,95.0,85.0,93.0,98.0,82.0,91.0,87.0,79.0,68.0,50.0,"1,016",108,26.0,17.0,46,11.0,28080.0
69,Latin America & Caribbean,GTM,Guatemala,96.0,99.0,89.0,97.0,96.0,94.0,96.0,94.0,99.0,88.0,95.0,97.0,98.0,96.0,93.0,93.0,94.0,91.0,94.0,90.0,86.0,91.0,88.0,91.0,86.0,84.0,86.0,74.0,72.0,39.0,62.0,45.0,72.0,69.0,70.0,67.0,68.0,"68,763","16,914",35.0,21.0,37,7.0,5919900.0
70,West & Central Africa,GIN,Guinea,65.0,63.0,60.0,76.0,76.0,76.0,86.0,76.0,64.0,76.0,75.0,75.0,75.0,71.0,68.0,64.0,61.0,57.0,72.0,72.0,72.0,77.0,77.0,77.0,76.0,61.0,40.0,40.0,39.0,37.0,37.0,37.0,37.0,37.0,37.0,,,"6,299","12,717",42.0,20.0,33,5.0,5341140.0
71,West & Central Africa,GNB,Guinea-Bissau,95.0,95.0,95.0,95.0,95.0,95.0,94.0,92.0,91.0,89.0,88.0,86.0,84.0,81.0,79.0,76.0,73.0,69.0,76.0,83.0,77.0,70.0,90.0,89.0,86.0,84.0,82.0,86.0,95.0,87.0,88.0,57.0,57.0,45.0,,,,"1,126","1,861",41.0,20.0,34,5.0,763010.0
72,Latin America & Caribbean,GUY,Guyana,97.0,96.0,99.0,98.0,99.0,97.0,99.0,99.0,94.0,96.0,95.0,93.0,97.0,93.0,96.0,98.0,97.0,97.0,97.0,96.0,94.0,95.0,96.0,97.0,92.0,93.0,94.0,91.0,84.0,86.0,84.0,91.0,88.0,79.0,77.0,70.0,60.0,"3,446",778,29.0,21.0,42,9.0,225620.0
73,Latin America & Caribbean,HTI,Haiti,78.0,80.0,72.0,86.0,87.0,88.0,87.0,86.0,86.0,85.0,84.0,83.0,81.0,79.0,77.0,75.0,73.0,71.0,69.0,66.0,75.0,75.0,75.0,73.0,72.0,70.0,66.0,74.0,72.0,53.0,48.0,42.0,36.0,29.0,35.0,36.0,21.0,"8,023","10,981",33.0,20.0,40,7.0,3623730.0
74,Latin America & Caribbean,HND,Honduras,99.0,99.0,99.0,99.0,99.0,99.0,99.0,99.0,96.0,94.0,95.0,99.0,98.0,97.0,98.0,98.0,98.0,98.0,99.0,96.0,97.0,97.0,97.0,97.0,97.0,97.0,94.0,95.0,90.0,80.0,83.0,80.0,66.0,76.0,71.0,59.0,53.0,"21,517","9,265",32.0,21.0,41,7.0,2964800.0
75,Western Europe,HUN,Hungary,99.0,99.0,99.0,99.0,99.0,99.0,99.0,99.0,99.0,99.0,99.0,99.0,99.0,99.0,99.0,99.0,99.0,99.0,99.0,99.0,99.0,99.0,99.0,99.0,99.0,99.0,99.0,99.0,99.0,99.0,99.0,99.0,99.0,99.0,99.0,99.0,99.0,"124,343","9,722",14.0,11.0,49,26.0,1361080.0
76,Western Europe,ISL,Iceland,96.0,96.0,96.0,97.0,97.0,99.0,98.0,99.0,99.0,97.0,97.0,95.0,99.0,97.0,96.0,95.0,99.0,99.0,99.0,99.0,99.0,99.0,99.0,99.0,99.0,99.0,99.0,99.0,99.0,99.0,99.0,99.0,99.0,97.0,98.0,99.0,99.0,"20,047",335,20.0,14.0,46,20.0,67000.0
77,South Asia,IND,India,91.0,90.0,90.0,90.0,89.0,89.0,86.0,84.0,81.0,81.0,81.0,82.0,77.0,76.0,75.0,75.0,74.0,74.0,78.0,82.0,86.0,88.0,86.0,82.0,79.0,80.0,88.0,74.0,65.0,55.0,44.0,41.0,39.0,36.0,33.0,25.0,25.0,"2,263,523","1,339,180",28.0,18.0,45,9.0,374970400.0
78,East Asia & Pacific,IDN,Indonesia,95.0,95.0,95.0,96.0,97.0,98.0,97.0,94.0,92.0,87.0,86.0,85.0,84.0,84.0,83.0,82.0,84.0,86.0,88.0,90.0,89.0,87.0,87.0,86.0,84.0,83.0,82.0,80.0,77.0,74.0,72.0,52.0,35.0,25.0,18.0,18.0,,"932,259","263,991",27.0,17.0,47,9.0,71277570.0
79,Middle East & North Africa,IRN,Iran (Islamic Republic of),99.0,99.0,99.0,98.0,99.0,99.0,99.0,99.0,99.0,99.0,98.0,97.0,99.0,99.0,99.0,96.0,99.0,99.0,99.0,99.0,99.0,98.0,98.0,99.0,98.0,96.0,97.0,94.0,96.0,80.0,80.0,75.0,58.0,58.0,66.0,54.0,57.0,"393,436","81,163",24.0,14.0,53,9.0,19479120.0
80,Middle East & North Africa,IRQ,Iraq,73.0,73.0,77.0,82.0,87.0,90.0,86.0,88.0,81.0,68.0,76.0,84.0,86.0,87.0,89.0,90.0,92.0,93.0,79.0,89.0,88.0,86.0,84.0,82.0,86.0,90.0,93.0,97.0,98.0,98.0,98.0,98.0,81.0,39.0,41.0,35.0,36.0,"171,489","38,275",40.0,20.0,35,5.0,15310000.0
81,Western Europe,IRL,Ireland,98.0,98.0,98.0,98.0,98.0,98.0,98.0,98.0,97.0,97.0,97.0,96.0,96.0,95.0,94.0,94.0,95.0,95.0,94.0,90.0,90.0,90.0,88.0,88.0,87.0,86.0,85.0,85.0,68.0,69.0,69.0,70.0,70.0,67.0,68.0,61.0,59.0,"294,054","4,762",22.0,11.0,48,19.0,1047640.0
82,Middle East & North Africa,ISR,Israel,94.0,95.0,95.0,96.0,94.0,94.0,95.0,96.0,94.0,95.0,95.0,93.0,95.0,95.0,95.0,95.0,95.0,95.0,95.0,95.0,97.0,98.0,98.0,98.0,98.0,97.0,97.0,97.0,97.0,97.0,97.0,95.0,95.0,96.0,97.0,97.0,94.0,"318,744","8,322",28.0,15.0,41,16.0,2330160.0
83,Western Europe,ITA,Italy,97.0,97.0,98.0,98.0,99.0,98.0,98.0,98.0,98.0,99.0,98.0,98.0,98.0,98.0,97.0,97.0,95.0,98.0,98.0,98.0,98.0,98.0,98.0,98.0,98.0,98.0,94.0,,,,,,,,,,,"1,849,970","59,360",14.0,10.0,48,29.0,8310400.0
84,Latin America & Caribbean,JAM,Jamaica,99.0,97.0,97.0,97.0,98.0,94.0,98.0,91.0,97.0,97.0,96.0,99.0,99.0,98.0,99.0,99.0,97.0,96.0,92.0,96.0,97.0,96.0,97.0,97.0,95.0,95.0,95.0,95.0,94.0,93.0,90.0,82.0,80.0,75.0,59.0,64.0,48.0,"14,027","2,890",23.0,18.0,45,14.0,664700.0
85,East Asia & Pacific,JPN,Japan,99.0,98.0,98.0,98.0,99.0,99.0,99.0,99.0,99.0,99.0,99.0,99.0,99.0,99.0,98.0,98.0,88.0,88.0,88.0,88.0,99.0,90.0,93.0,95.0,95.0,97.0,96.0,95.0,95.0,95.0,94.0,94.0,94.0,93.0,93.0,91.0,82.0,"4,939,384","127,484",13.0,9.0,44,33.0,16572920.0
86,Middle East & North Africa,JOR,Jordan,99.0,99.0,98.0,99.0,98.0,98.0,98.0,98.0,98.0,99.0,99.0,98.0,96.0,98.0,96.0,99.0,91.0,86.0,99.0,99.0,99.0,99.0,95.0,93.0,97.0,97.0,97.0,97.0,97.0,96.0,96.0,95.0,93.0,91.0,91.0,93.0,55.0,"38,655","9,702",36.0,19.0,40,6.0,3492720.0
87,Eastern Europe & Central Asia,KAZ,Kazakhstan,93.0,99.0,96.0,99.0,99.0,99.0,99.0,98.0,99.0,97.0,99.0,99.0,85.0,99.0,96.0,96.0,98.0,98.0,99.0,98.0,98.0,97.0,91.0,91.0,93.0,,,,,,,,,,,,,"133,657","18,204",28.0,13.0,48,11.0,5097120.0
88,Eastern & Southern Africa,KEN,Kenya,96.0,96.0,97.0,95.0,98.0,98.0,93.0,92.0,90.0,89.0,90.0,85.0,87.0,89.0,90.0,84.0,83.0,89.0,93.0,96.0,96.0,96.0,96.0,96.0,96.0,92.0,92.0,92.0,92.0,91.0,89.0,88.0,80.0,,,,,"70,529","49,700",40.0,20.0,35,4.0,19880000.0
89,East Asia & Pacific,KIR,Kiribati,82.0,81.0,83.0,95.0,94.0,99.0,97.0,90.0,97.0,99.0,98.0,93.0,75.0,78.0,82.0,85.0,95.0,96.0,96.0,97.0,92.0,82.0,88.0,99.0,95.0,88.0,98.0,92.0,84.0,61.0,62.0,62.0,41.0,65.0,77.0,54.0,68.0,166,116,35.0,19.0,40,6.0,40600.0
90,Middle East & North Africa,KWT,Kuwait,99.0,99.0,97.0,99.0,99.0,99.0,98.0,99.0,99.0,99.0,99.0,99.0,99.0,99.0,99.0,99.0,98.0,97.0,98.0,98.0,99.0,99.0,99.0,98.0,96.0,93.0,88.0,97.0,97.0,97.0,97.0,96.0,96.0,96.0,94.0,92.0,86.0,"114,041","4,137",21.0,12.0,62,5.0,868770.0
91,Eastern Europe & Central Asia,KGZ,Kyrgyzstan,97.0,99.0,96.0,98.0,96.0,97.0,99.0,98.0,99.0,98.0,96.0,98.0,99.0,99.0,99.0,99.0,99.0,99.0,98.0,98.0,98.0,97.0,94.0,84.0,94.0,,,,,,,,,,,,,"6,551","6,045",32.0,17.0,44,8.0,1934400.0
92,East Asia & Pacific,LAO,Lao People’s Democratic Republic,85.0,93.0,94.0,89.0,87.0,83.0,81.0,76.0,73.0,59.0,68.0,68.0,66.0,72.0,64.0,59.0,83.0,83.0,82.0,82.0,80.0,77.0,72.0,50.0,47.0,46.0,41.0,45.0,40.0,31.0,24.0,22.0,24.0,27.0,27.0,27.0,,"15,903","6,858",33.0,21.0,40,6.0,2263140.0
93,Western Europe,LVA,Latvia,99.0,98.0,93.0,96.0,92.0,95.0,99.0,98.0,94.0,98.0,98.0,99.0,99.0,98.0,99.0,99.0,99.0,98.0,99.0,99.0,99.0,99.0,99.0,97.0,95.0,,,,,,,,,,,,,"27,677","1,950",15.0,10.0,49,26.0,292500.0
94,Middle East & North Africa,LBN,Lebanon,84.0,84.0,84.0,84.0,84.0,84.0,84.0,84.0,84.0,84.0,84.0,83.0,83.0,83.0,85.0,88.0,90.0,92.0,95.0,97.0,97.0,97.0,97.0,97.0,96.0,95.0,94.0,92.0,84.0,71.0,55.0,40.0,22.0,22.0,22.0,20.0,17.0,"47,537","6,082",23.0,19.0,46,12.0,1398860.0
95,Eastern & Southern Africa,LSO,Lesotho,98.0,98.0,98.0,98.0,98.0,97.0,97.0,96.0,96.0,96.0,96.0,95.0,95.0,95.0,89.0,83.0,87.0,90.0,92.0,93.0,94.0,95.0,94.0,94.0,93.0,92.0,91.0,91.0,90.0,89.0,91.0,92.0,88.0,83.0,79.0,75.0,75.0,"2,200","2,233",35.0,22.0,36,7.0,781550.0
96,West & Central Africa,LBR,Liberia,99.0,77.0,74.0,97.0,92.0,86.0,80.0,90.0,85.0,80.0,75.0,75.0,65.0,69.0,73.0,76.0,80.0,84.0,,,,,,,,,,,,,,,,,,,,"2,101","4,732",42.0,20.0,34,5.0,1987440.0
97,Middle East & North Africa,LBY,Libya,98.0,98.0,96.0,98.0,99.0,99.0,98.0,98.0,98.0,98.0,98.0,98.0,99.0,99.0,97.0,96.0,97.0,97.0,98.0,98.0,98.0,98.0,98.0,98.0,96.0,95.0,94.0,95.0,94.0,94.0,94.0,93.0,93.0,92.0,89.0,86.0,82.0, .. ,"6,375",28.0,17.0,48,7.0,1785000.0
98,Western Europe,LTU,Lithuania,97.0,97.0,97.0,97.0,97.0,95.0,98.0,98.0,96.0,99.0,98.0,98.0,94.0,98.0,98.0,98.0,99.0,98.0,97.0,96.0,97.0,96.0,94.0,94.0,92.0,,,,,,,,,,,,,"42,739","2,890",15.0,12.0,48,25.0,433500.0
99,Western Europe,LUX,Luxembourg,99.0,99.0,99.0,99.0,99.0,99.0,99.0,99.0,99.0,99.0,99.0,99.0,99.0,99.0,99.0,99.0,99.0,98.0,98.0,98.0,98.0,98.0,98.0,97.0,97.0,97.0,96.0,96.0,96.0,98.0,95.0,91.0,87.0,91.0,,,,"59,948",583,16.0,12.0,52,20.0,93280.0
100,Eastern & Southern Africa,MDG,Madagascar,84.0,79.0,83.0,80.0,80.0,80.0,78.0,80.0,84.0,92.0,93.0,88.0,82.0,79.0,76.0,75.0,74.0,73.0,73.0,73.0,73.0,80.0,86.0,86.0,85.0,77.0,71.0,70.0,67.0,60.0,55.0,47.0,42.0,47.0,37.0,,,"9,991","25,571",41.0,21.0,34,5.0,10484110.0
101,Eastern & Southern Africa,MWI,Malawi,89.0,93.0,97.0,96.0,99.0,98.0,97.0,97.0,97.0,96.0,99.0,99.0,99.0,99.0,94.0,99.0,98.0,98.0,98.0,98.0,96.0,96.0,94.0,97.0,95.0,95.0,95.0,95.0,94.0,92.0,80.0,78.0,80.0,84.0,84.0,86.0,80.0,"5,442","18,622",44.0,21.0,31,4.0,8193680.0
102,East Asia & Pacific,MYS,Malaysia,99.0,99.0,99.0,99.0,99.0,98.0,98.0,99.0,99.0,99.0,98.0,98.0,98.0,98.0,98.0,98.0,99.0,99.0,99.0,98.0,98.0,98.0,95.0,91.0,92.0,93.0,95.0,92.0,76.0,78.0,73.0,68.0,67.0,71.0,90.0,86.0,86.0,"296,359","31,624",24.0,19.0,47,10.0,7589760.0
103,South Asia,MDV,Maldives,99.0,99.0,99.0,99.0,99.0,97.0,97.0,99.0,99.0,99.0,98.0,99.0,98.0,98.0,98.0,99.0,98.0,99.0,98.0,98.0,98.0,99.0,98.0,93.0,99.0,98.0,97.0,97.0,95.0,67.0,67.0,53.0,48.0,35.0,18.0,18.0,22.0,"3,591",436,23.0,16.0,54,6.0,100280.0
104,West & Central Africa,MLI,Mali,86.0,82.0,92.0,85.0,81.0,80.0,81.0,82.0,85.0,86.0,86.0,87.0,86.0,85.0,82.0,76.0,61.0,67.0,73.0,79.0,77.0,73.0,64.0,71.0,63.0,59.0,67.0,51.0,41.0,28.0,28.0,28.0,,,,,,"14,045","18,542",48.0,19.0,29,4.0,8900160.0
105,Western Europe,MLT,Malta,97.0,98.0,99.0,99.0,99.0,99.0,97.0,91.0,88.0,84.0,85.0,94.0,92.0,96.0,95.0,98.0,97.0,97.0,97.0,97.0,97.0,97.0,96.0,94.0,94.0,95.0,84.0,72.0,95.0,95.0,95.0,62.0,74.0,,,,,"10,949",431,14.0,12.0,48,26.0,60340.0
106,East Asia & Pacific,MHL,Marshall Islands,87.0,95.0,97.0,97.0,97.0,99.0,99.0,99.0,99.0,99.0,90.0,89.0,71.0,90.0,90.0,99.0,64.0,85.0,95.0,92.0,92.0,88.0,86.0,79.0,94.0,88.0,97.0,97.0,97.0,,,,,,,,,183,53,,,,,
107,West & Central Africa,MRT,Mauritania,87.0,87.0,88.0,95.0,95.0,91.0,82.0,79.0,88.0,92.0,85.0,85.0,83.0,91.0,96.0,76.0,73.0,70.0,56.0,69.0,89.0,93.0,88.0,82.0,76.0,65.0,69.0,63.0,62.0,55.0,57.0,52.0,45.0,44.0,44.0,41.0,,"4,635","4,420",40.0,19.0,36,5.0,1768000.0
108,Eastern & Southern Africa,MUS,Mauritius,97.0,98.0,97.0,99.0,99.0,99.0,99.0,99.0,99.0,97.0,99.0,99.0,98.0,99.0,96.0,92.0,88.0,91.0,93.0,96.0,96.0,97.0,96.0,96.0,96.0,97.0,95.0,95.0,95.0,94.0,95.0,96.0,95.0,96.0,97.0,94.0,96.0,"12,164","1,265",18.0,15.0,50,17.0,227700.0
109,Latin America & Caribbean,MEX,Mexico,99.0,99.0,95.0,90.0,99.0,99.0,96.0,98.0,98.0,99.0,99.0,99.0,99.0,99.0,99.0,99.0,99.0,99.0,98.0,98.0,98.0,97.0,97.0,94.0,96.0,96.0,77.0,85.0,82.0,83.0,75.0,65.0,76.0,66.0,65.0,68.0,69.0,"1,045,998","129,163",27.0,18.0,45,10.0,34874010.0
110,East Asia & Pacific,FSM,Micronesia (Federated States of ),95.0,95.0,97.0,98.0,97.0,96.0,90.0,97.0,87.0,86.0,83.0,98.0,81.0,97.0,87.0,90.0,92.0,92.0,91.0,91.0,92.0,94.0,93.0,92.0,97.0,92.0,95.0,98.0,95.0,80.0,,,,,,,,322,106,33.0,23.0,36,8.0,34980.0
111,Western Europe,MCO,Monaco,99.0,99.0,99.0,99.0,99.0,99.0,99.0,99.0,99.0,99.0,99.0,99.0,99.0,99.0,99.0,99.0,99.0,99.0,99.0,99.0,99.0,99.0,99.0,99.0,98.0,98.0,99.0,99.0,99.0,,,,,,,,, .. ,39,,,,,
112,East Asia & Pacific,MNG,Mongolia,99.0,99.0,99.0,98.0,99.0,99.0,98.0,95.0,98.0,95.0,99.0,99.0,99.0,98.0,99.0,95.0,95.0,95.0,96.0,97.0,96.0,96.0,92.0,93.0,93.0,93.0,94.0,94.0,94.0,93.0,93.0,93.0,91.0,92.0,92.0,92.0,91.0,"11,160","3,076",30.0,15.0,49,7.0,922800.0
113,Eastern Europe & Central Asia,MNE,Montenegro,97.0,96.0,97.0,98.0,98.0,98.0,97.0,96.0,98.0,98.0,95.0,,,,,,,,,,,,,,,,,,,,,,,,,,,"4,173",629,18.0,13.0,47,21.0,113220.0
114,Middle East & North Africa,MAR,Morocco,99.0,99.0,99.0,99.0,99.0,99.0,99.0,99.0,99.0,98.0,99.0,99.0,99.0,94.0,98.0,97.0,98.0,93.0,99.0,99.0,91.0,94.0,92.0,90.0,95.0,93.0,93.0,93.0,94.0,95.0,84.0,75.0,70.0,66.0,57.0,,,"101,445","35,740",27.0,17.0,45,11.0,9649800.0
115,Eastern & Southern Africa,MOZ,Mozambique,90.0,90.0,92.0,93.0,91.0,91.0,91.0,89.0,87.0,85.0,86.0,87.0,88.0,89.0,88.0,86.0,84.0,82.0,80.0,78.0,76.0,75.0,74.0,73.0,74.0,71.0,71.0,72.0,63.0,64.0,57.0,54.0,57.0,63.0,68.0,79.0,,"11,015","29,669",45.0,20.0,30,5.0,13351050.0
116,East Asia & Pacific,MMR,Myanmar,94.0,94.0,92.0,90.0,89.0,88.0,93.0,93.0,88.0,89.0,86.0,76.0,86.0,80.0,81.0,81.0,87.0,87.0,92.0,96.0,96.0,94.0,91.0,96.0,95.0,94.0,96.0,74.0,53.0,47.0,44.0,39.0,33.0,32.0,29.0,24.0,22.0,"67,430","53,371",27.0,18.0,46,9.0,14410170.0
117,Eastern & Southern Africa,NAM,Namibia,98.0,98.0,92.0,94.0,89.0,88.0,87.0,87.0,88.0,88.0,91.0,93.0,88.0,87.0,86.0,88.0,90.0,90.0,88.0,86.0,88.0,90.0,92.0,90.0,88.0,87.0,,,,,,,,,,,,"10,267","2,534",37.0,21.0,37,5.0,937580.0
118,East Asia & Pacific,NRU,Nauru,98.0,98.0,99.0,99.0,98.0,99.0,99.0,99.0,99.0,99.0,98.0,90.0,93.0,97.0,99.0,98.0,85.0,81.0,78.0,74.0,77.0,79.0,82.0,84.0,86.0,88.0,90.0,91.0,86.0,78.0,82.0,86.0,86.0,,,,,102,11,,,,,
119,South Asia,NPL,Nepal,92.0,94.0,94.0,94.0,90.0,96.0,85.0,94.0,84.0,85.0,93.0,81.0,88.0,82.0,84.0,84.0,84.0,91.0,92.0,92.0,85.0,77.0,77.0,75.0,73.0,71.0,68.0,69.0,70.0,71.0,63.0,57.0,52.0,47.0,41.0,39.0,28.0,"21,144","29,305",31.0,21.0,39,9.0,9084550.0
120,Western Europe,NLD,Netherlands,98.0,98.0,98.0,99.0,99.0,99.0,99.0,99.0,99.0,99.0,98.0,98.0,99.0,99.0,99.0,99.0,99.0,99.0,99.0,99.0,98.0,98.0,98.0,98.0,98.0,98.0,98.0,98.0,98.0,98.0,98.0,98.0,98.0,98.0,98.0,98.0,98.0,"770,845","17,036",16.0,12.0,46,25.0,2725760.0
121,East Asia & Pacific,NZL,New Zealand,92.0,93.0,93.0,93.0,94.0,95.0,95.0,94.0,91.0,91.0,92.0,92.0,91.0,91.0,90.0,96.0,96.0,91.0,93.0,95.0,96.0,96.0,94.0,94.0,93.0,93.0,96.0,93.0,87.0,86.0,88.0,89.0,94.0,90.0,90.0,89.0,91.0,"185,017","4,706",20.0,14.0,46,21.0,941200.0
122,Latin America & Caribbean,NIC,Nicaragua,99.0,99.0,99.0,99.0,99.0,99.0,99.0,99.0,99.0,94.0,94.0,92.0,80.0,86.0,88.0,92.0,97.0,96.0,94.0,93.0,93.0,93.0,93.0,93.0,93.0,91.0,88.0,87.0,72.0,75.0,70.0,64.0,58.0,48.0,52.0,47.0,39.0,"13,231","6,218",29.0,19.0,44,8.0,1803220.0
123,West & Central Africa,NER,Niger,87.0,85.0,89.0,87.0,87.0,86.0,83.0,81.0,76.0,68.0,63.0,58.0,56.0,53.0,51.0,48.0,46.0,43.0,44.0,45.0,44.0,42.0,41.0,39.0,38.0,36.0,46.0,35.0,29.0,27.0,24.0,22.0,24.0,24.0,25.0,25.0,,"7,509","21,477",50.0,19.0,27,4.0,10738500.0
124,West & Central Africa,NGA,Nigeria,64.0,64.0,64.0,58.0,51.0,56.0,60.0,73.0,63.0,52.0,49.0,48.0,46.0,45.0,43.0,42.0,42.0,41.0,48.0,70.0,51.0,59.0,69.0,54.0,68.0,64.0,79.0,72.0,61.0,54.0,46.0,39.0,29.0,,,,,"405,083","190,886",44.0,19.0,32,4.0,83989840.0
125,East Asia & Pacific,NIU,Niue,99.0,99.0,99.0,99.0,99.0,99.0,99.0,99.0,99.0,98.0,99.0,94.0,99.0,99.0,99.0,99.0,99.0,99.0,99.0,99.0,99.0,99.0,99.0,99.0,99.0,99.0,99.0,99.0,99.0,99.0,93.0,83.0,68.0,56.0,44.0,28.0,27.0,,2,,,,,
126,Western Europe,NOR,Norway,99.0,99.0,99.0,99.0,99.0,99.0,99.0,99.0,99.0,99.0,99.0,99.0,99.0,99.0,99.0,99.0,99.0,99.0,99.0,99.0,98.0,98.0,97.0,97.0,98.0,98.0,95.0,94.0,94.0,93.0,94.0,95.0,96.0,96.0,,,,"370,557","5,305",18.0,13.0,47,22.0,954900.0
127,Middle East & North Africa,OMN,Oman,99.0,99.0,99.0,99.0,99.0,99.0,99.0,99.0,99.0,99.0,98.0,99.0,99.0,99.0,99.0,99.0,99.0,99.0,99.0,99.0,99.0,99.0,98.0,98.0,99.0,98.0,98.0,98.0,96.0,96.0,94.0,82.0,70.0,56.0,48.0,42.0,41.0,"66,293","4,636",22.0,15.0,60,4.0,1019920.0
128,South Asia,PAK,Pakistan,79.0,79.0,79.0,79.0,79.0,84.0,88.0,88.0,84.0,89.0,89.0,81.0,75.0,77.0,77.0,75.0,72.0,70.0,67.0,65.0,62.0,73.0,64.0,62.0,67.0,74.0,77.0,65.0,63.0,61.0,59.0,55.0,47.0,37.0,24.0,21.0,20.0,"283,660","197,016",35.0,19.0,39,7.0,68955600.0
129,East Asia & Pacific,PLW,Palau,99.0,99.0,99.0,99.0,99.0,99.0,99.0,99.0,99.0,99.0,98.0,98.0,99.0,99.0,99.0,98.0,98.0,96.0,96.0,97.0,98.0,99.0,86.0,96.0,97.0,98.0,99.0,92.0,99.0,93.0,98.0,,,,,,,293,22,,,,,
130,Latin America & Caribbean,PAN,Panama,96.0,96.0,96.0,93.0,99.0,98.0,96.0,95.0,93.0,97.0,96.0,95.0,98.0,99.0,99.0,99.0,99.0,96.0,99.0,98.0,97.0,95.0,94.0,94.0,91.0,94.0,95.0,88.0,91.0,89.0,88.0,90.0,81.0,82.0,82.0,92.0,72.0,"55,188","4,099",27.0,17.0,45,11.0,1106730.0
131,East Asia & Pacific,PNG,Papua New Guinea,87.0,83.0,87.0,88.0,85.0,83.0,80.0,80.0,70.0,76.0,85.0,80.0,81.0,88.0,81.0,77.0,84.0,82.0,85.0,87.0,80.0,97.0,91.0,93.0,82.0,93.0,97.0,77.0,72.0,69.0,69.0,65.0,59.0,52.0,54.0,57.0,57.0,"16,929","8,251",36.0,20.0,38,6.0,2970360.0
132,Latin America & Caribbean,PRY,Paraguay,99.0,99.0,98.0,93.0,96.0,96.0,96.0,94.0,96.0,99.0,99.0,97.0,94.0,95.0,95.0,96.0,95.0,85.0,88.0,91.0,89.0,87.0,88.0,86.0,90.0,86.0,86.0,82.0,79.0,80.0,77.0,80.0,86.0,70.0,59.0,53.0,40.0,"27,441","6,811",29.0,20.0,42,9.0,1975190.0
133,Latin America & Caribbean,PER,Peru,94.0,97.0,98.0,97.0,99.0,94.0,97.0,97.0,97.0,93.0,96.0,94.0,93.0,98.0,98.0,91.0,99.0,99.0,94.0,96.0,97.0,96.0,95.0,95.0,94.0,88.0,89.0,80.0,82.0,68.0,74.0,72.0,53.0,47.0,47.0,44.0,39.0,"192,094","32,165",27.0,17.0,45,10.0,8684550.0
134,East Asia & Pacific,PHL,Philippines,87.0,69.0,78.0,93.0,91.0,92.0,81.0,89.0,94.0,90.0,90.0,91.0,92.0,86.0,84.0,92.0,92.0,91.0,91.0,90.0,82.0,76.0,81.0,86.0,91.0,96.0,96.0,95.0,92.0,90.0,86.0,81.0,80.0,78.0,77.0,77.0,72.0,"304,905","104,918",32.0,19.0,41,8.0,33573760.0
135,Western Europe,POL,Poland,99.0,99.0,99.0,99.0,99.0,99.0,99.0,99.0,99.0,99.0,99.0,99.0,99.0,99.0,99.0,99.0,99.0,99.0,99.0,99.0,98.0,98.0,98.0,98.0,98.0,98.0,98.0,98.0,98.0,98.0,98.0,97.0,98.0,98.0,98.0,98.0,98.0,"469,509","38,171",15.0,11.0,50,24.0,5725650.0
136,Western Europe,PRT,Portugal,99.0,99.0,99.0,99.0,99.0,97.0,99.0,97.0,99.0,99.0,99.0,94.0,98.0,99.0,98.0,99.0,99.0,98.0,98.0,97.0,98.0,97.0,98.0,97.0,97.0,98.0,96.0,96.0,93.0,94.0,93.0,89.0,92.0,92.0,92.0,91.0,90.0,"204,565","10,330",14.0,10.0,48,28.0,1446200.0
137,Middle East & North Africa,QAT,Qatar,99.0,99.0,99.0,99.0,95.0,94.0,98.0,99.0,97.0,96.0,99.0,99.0,99.0,96.0,96.0,95.0,92.0,94.0,95.0,97.0,97.0,97.0,97.0,96.0,96.0,95.0,94.0,93.0,87.0,89.0,89.0,88.0,82.0,73.0,62.0,68.0,82.0,"152,469","2,639",14.0,15.0,68,3.0,369460.0
138,East Asia & Pacific,KOR,Republic of Korea,98.0,99.0,99.0,99.0,99.0,99.0,96.0,96.0,95.0,95.0,98.0,98.0,95.0,97.0,97.0,97.0,97.0,96.0,94.0,93.0,96.0,99.0,97.0,96.0,94.0,92.0,90.0,96.0,80.0,80.0,91.0,91.0,91.0,87.0,82.0,82.0,,"1,411,246","50,982",13.0,13.0,54,20.0,6627660.0
139,Eastern Europe & Central Asia,MDA,Republic of Moldova,94.0,88.0,94.0,96.0,97.0,96.0,93.0,88.0,96.0,95.0,97.0,98.0,99.0,99.0,99.0,97.0,98.0,99.0,99.0,98.0,98.0,98.0,95.0,88.0,94.0,,,,,,,,,,,,,"6,750","4,051",16.0,13.0,54,18.0,648160.0
140,Eastern Europe & Central Asia,ROU,Romania,96.0,96.0,98.0,97.0,97.0,96.0,98.0,98.0,98.0,98.0,99.0,99.0,99.0,99.0,99.0,99.0,99.0,99.0,99.0,99.0,98.0,98.0,98.0,97.0,98.0,98.0,98.0,98.0,98.0,97.0,96.0,98.0,,,,,,"186,691","19,679",15.0,11.0,49,25.0,2951850.0
141,Eastern Europe & Central Asia,RUS,Russian Federation,97.0,97.0,97.0,97.0,97.0,97.0,97.0,99.0,99.0,99.0,99.0,99.0,97.0,97.0,97.0,97.0,97.0,97.0,96.0,96.0,94.0,92.0,96.0,92.0,89.0,,,,,,,,,,,,,"1,283,162","143,990",18.0,10.0,52,21.0,25918200.0
142,Eastern & Southern Africa,RWA,Rwanda,99.0,99.0,99.0,99.0,99.0,98.0,98.0,98.0,97.0,99.0,99.0,95.0,94.0,97.0,95.0,94.0,93.0,93.0,92.0,90.0,96.0,94.0,47.0,94.0,95.0,97.0,94.0,94.0,93.0,96.0,95.0,74.0,78.0,81.0,63.0,40.0,,"8,376","12,208",40.0,19.0,36,5.0,4883200.0
143,Latin America & Caribbean,KNA,Saint Kitts and Nevis,99.0,96.0,99.0,99.0,99.0,99.0,98.0,99.0,99.0,99.0,99.0,99.0,98.0,98.0,99.0,99.0,99.0,99.0,99.0,99.0,99.0,99.0,99.0,99.0,99.0,99.0,99.0,99.0,97.0,98.0,99.0,97.0,98.0,96.0,97.0,86.0,79.0,917,55,,,,,
144,Latin America & Caribbean,LCA,Saint Lucia,95.0,99.0,99.0,99.0,99.0,99.0,98.0,99.0,99.0,99.0,94.0,99.0,99.0,90.0,99.0,99.0,76.0,96.0,91.0,98.0,96.0,98.0,97.0,98.0,98.0,98.0,96.0,97.0,92.0,95.0,92.0,95.0,94.0,93.0,92.0,84.0,79.0,"1,379",179,19.0,18.0,50,14.0,34010.0
145,Latin America & Caribbean,VCT,Saint Vincent and The Grenadines,99.0,99.0,99.0,99.0,98.0,98.0,99.0,99.0,99.0,99.0,99.0,99.0,99.0,99.0,99.0,99.0,99.0,98.0,99.0,99.0,99.0,98.0,99.0,99.0,99.0,99.0,98.0,98.0,98.0,98.0,98.0,96.0,95.0,93.0,86.0,57.0,51.0,771,110,24.0,17.0,47,12.0,26400.0
146,East Asia & Pacific,WSM,Samoa,95.0,89.0,88.0,89.0,88.0,91.0,91.0,86.0,48.0,85.0,80.0,87.0,91.0,96.0,99.0,99.0,97.0,97.0,98.0,98.0,98.0,97.0,97.0,97.0,97.0,92.0,96.0,86.0,96.0,97.0,97.0,96.0,98.0,96.0,95.0,86.0,54.0,786,196,37.0,20.0,35,8.0,72520.0
147,Western Europe,SMR,San Marino,78.0,77.0,82.0,72.0,98.0,90.0,80.0,95.0,89.0,92.0,98.0,98.0,99.0,98.0,96.0,96.0,97.0,99.0,,99.0,99.0,99.0,96.0,99.0,99.0,99.0,99.0,99.0,99.0,99.0,99.0,99.0,99.0,99.0,,,, .. ,33,,,,,
148,West & Central Africa,STP,Sao Tome and Principe,97.0,98.0,98.0,99.0,98.0,98.0,98.0,99.0,99.0,99.0,99.0,99.0,99.0,98.0,94.0,97.0,89.0,90.0,89.0,90.0,87.0,92.0,94.0,82.0,87.0,95.0,97.0,84.0,91.0,89.0,85.0,72.0,73.0,51.0,59.0,67.0,,351,204,43.0,20.0,33,4.0,87720.0
149,Middle East & North Africa,SAU,Saudi Arabia,98.0,98.0,99.0,98.0,98.0,99.0,98.0,98.0,98.0,97.0,97.0,97.0,96.0,96.0,97.0,99.0,95.0,94.0,95.0,94.0,97.0,98.0,98.0,97.0,97.0,97.0,97.0,98.0,96.0,96.0,95.0,93.0,91.0,86.0,83.0,77.0,66.0,"646,438","32,938",25.0,15.0,54,6.0,8234500.0
150,West & Central Africa,SEN,Senegal,96.0,94.0,94.0,96.0,96.0,97.0,96.0,94.0,94.0,97.0,99.0,97.0,95.0,81.0,70.0,79.0,79.0,78.0,79.0,81.0,88.0,93.0,80.0,80.0,77.0,75.0,75.0,72.0,81.0,80.0,77.0,,,,,,,"14,765","15,851",43.0,19.0,33,5.0,6815930.0
151,Eastern Europe & Central Asia,SRB,Serbia,97.0,98.0,97.0,98.0,97.0,98.0,97.0,98.0,98.0,98.0,97.0,99.0,91.0,91.0,98.0,95.0,97.0,97.0,97.0,97.0,97.0,96.0,95.0,95.0,94.0,,,,,,,,,,,,,"37,745","8,791",16.0,12.0,47,24.0,1406560.0
152,Eastern & Southern Africa,SYC,Seychelles,98.0,99.0,99.0,99.0,98.0,99.0,99.0,99.0,99.0,99.0,99.0,99.0,99.0,99.0,99.0,99.0,99.0,99.0,99.0,98.0,99.0,98.0,98.0,98.0,98.0,98.0,99.0,98.0,97.0,96.0,97.0,95.0,98.0,98.0,78.0,35.0,,"1,427",95,22.0,12.0,52,13.0,20900.0
153,West & Central Africa,SLE,Sierra Leone,97.0,95.0,88.0,98.0,98.0,97.0,95.0,94.0,84.0,77.0,79.0,80.0,82.0,90.0,89.0,58.0,64.0,68.0,,,,,,,,,,,,,,,,,,,,"3,669","7,557",42.0,20.0,33,4.0,3173940.0
154,East Asia & Pacific,SGP,Singapore,98.0,98.0,98.0,98.0,98.0,97.0,98.0,98.0,98.0,98.0,96.0,96.0,96.0,96.0,98.0,98.0,98.0,98.0,98.0,98.0,94.0,98.0,95.0,97.0,96.0,97.0,95.0,96.0,96.0,98.0,97.0,92.0,91.0,94.0,94.0,95.0,94.0,"296,966","5,709",15.0,13.0,53,20.0,856350.0
155,Western Europe,SVK,Slovakia,99.0,99.0,99.0,99.0,99.0,99.0,99.0,99.0,99.0,99.0,99.0,99.0,99.0,99.0,99.0,99.0,99.0,99.0,99.0,99.0,99.0,99.0,99.0,,,,,,,,,,,,,,,"89,552","5,448",15.0,11.0,52,22.0,817200.0
156,Western Europe,SVN,Slovenia,98.0,98.0,98.0,98.0,98.0,98.0,98.0,98.0,99.0,99.0,99.0,98.0,98.0,98.0,96.0,96.0,96.0,96.0,97.0,97.0,98.0,98.0,98.0,98.0,98.0,,,,,,,,,,,,,"43,991","2,080",15.0,9.0,49,26.0,312000.0
157,East Asia & Pacific,SLB,Solomon Islands,99.0,99.0,95.0,99.0,99.0,99.0,97.0,94.0,90.0,96.0,99.0,93.0,91.0,86.0,82.0,84.0,95.0,96.0,88.0,89.0,89.0,87.0,87.0,85.0,88.0,91.0,91.0,86.0,87.0,86.0,67.0,63.0,70.0,52.0,47.0,60.0,71.0,"1,202",611,39.0,20.0,36,5.0,238290.0
158,Eastern & Southern Africa,SOM,Somalia,52.0,52.0,52.0,52.0,52.0,52.0,55.0,52.0,40.0,59.0,40.0,50.0,50.0,65.0,60.0,57.0,57.0,59.0,51.0,42.0,45.0,46.0,47.0,46.0,45.0,44.0,42.0,41.0,51.0,50.0,40.0,46.0,31.0,24.0,24.0,20.0,,"6,217","14,743",46.0,20.0,29,4.0,6781780.0
159,Eastern & Southern Africa,ZAF,South Africa,78.0,83.0,85.0,81.0,72.0,80.0,80.0,81.0,81.0,83.0,82.0,83.0,80.0,77.0,80.0,82.0,85.0,88.0,90.0,93.0,90.0,89.0,90.0,93.0,92.0,93.0,89.0,88.0,88.0,89.0,88.0,91.0,91.0,90.0,,,,"294,841","56,717",29.0,18.0,44,8.0,16447930.0
160,Eastern & Southern Africa,SSD,South Sudan,35.0,37.0,49.0,57.0,71.0,79.0,,,,,,,,,,,,,,,,,,,,,,,,,,,,,,,,"9,015","12,576",42.0,20.0,33,5.0,5281920.0
161,Western Europe,ESP,Spain,99.0,99.0,99.0,98.0,99.0,99.0,99.0,98.0,99.0,98.0,99.0,98.0,99.0,99.0,99.0,98.0,98.0,98.0,98.0,98.0,96.0,96.0,96.0,95.0,94.0,95.0,95.0,97.0,97.0,91.0,96.0,92.0,98.0,,,,,"1,232,088","46,354",15.0,9.0,51,25.0,6953100.0
162,South Asia,LKA,Sri Lanka,99.0,99.0,99.0,99.0,99.0,99.0,99.0,97.0,99.0,99.0,99.0,99.0,98.0,99.0,99.0,99.0,99.0,99.0,97.0,98.0,97.0,97.0,96.0,96.0,96.0,95.0,95.0,95.0,94.0,91.0,91.0,88.0,86.0,84.0,80.0,70.0,71.0,"81,322","20,877",24.0,15.0,46,15.0,5010480.0
163,Middle East & North Africa,PSE,State of Palestine,99.0,99.0,99.0,99.0,98.0,99.0,99.0,99.0,99.0,99.0,99.0,99.0,99.0,99.0,99.0,97.0,95.0,96.0,99.0,98.0,98.0,99.0,98.0,97.0,,,,,,,,,,,,,,"13,397","4,921",40.0,21.0,35,5.0,1968400.0
164,Eastern & Southern Africa,SDN,Sudan,97.0,97.0,98.0,97.0,97.0,97.0,99.0,92.0,96.0,95.0,91.0,88.0,82.0,83.0,75.0,79.0,75.0,66.0,71.0,78.0,79.0,72.0,71.0,75.0,77.0,83.0,83.0,82.0,65.0,52.0,36.0,28.0,22.0,21.0,20.0,18.0,18.0,"95,584","40,533",41.0,20.0,33,5.0,16618530.0
165,Latin America & Caribbean,SUR,Suriname,92.0,90.0,91.0,91.0,94.0,90.0,99.0,91.0,95.0,96.0,94.0,93.0,92.0,81.0,86.0,90.0,90.0,90.0,93.0,95.0,93.0,94.0,90.0,91.0,90.0,91.0,94.0,89.0,84.0,88.0,93.0,94.0,93.0,95.0,82.0,52.0,50.0,"3,621",563,26.0,17.0,46,10.0,146380.0
166,Eastern & Southern Africa,SWZ,Swaziland,96.0,96.0,99.0,99.0,97.0,98.0,95.0,95.0,96.0,95.0,95.0,95.0,95.0,95.0,95.0,95.0,94.0,94.0,94.0,94.0,94.0,94.0,98.0,96.0,97.0,92.0,96.0,96.0,96.0,95.0,90.0,82.0,74.0,68.0,64.0,55.0,,"3,727","1,367",37.0,22.0,36,5.0,505790.0
167,Western Europe,SWE,Sweden,99.0,99.0,99.0,99.0,99.0,99.0,99.0,99.0,99.0,99.0,99.0,99.0,99.0,99.0,99.0,99.0,99.0,99.0,99.0,99.0,99.0,99.0,99.0,99.0,99.0,99.0,99.0,99.0,99.0,99.0,99.0,99.0,99.0,99.0,99.0,99.0,99.0,"511,000","9,911",18.0,12.0,45,25.0,1783980.0
168,Western Europe,CHE,Switzerland,99.0,99.0,98.0,98.0,98.0,98.0,95.0,95.0,95.0,95.0,95.0,95.0,95.0,95.0,95.0,95.0,95.0,95.0,93.0,93.0,93.0,93.0,93.0,93.0,93.0,93.0,96.0,96.0,96.0,96.0,96.0,,,,,,,"659,827","8,476",15.0,11.0,50,24.0,1271400.0
169,Middle East & North Africa,SYR,Syrian Arab Republic,61.0,62.0,65.0,55.0,68.0,86.0,89.0,89.0,88.0,88.0,88.0,88.0,89.0,90.0,92.0,90.0,90.0,93.0,94.0,95.0,96.0,96.0,97.0,98.0,95.0,95.0,93.0,99.0,83.0,71.0,90.0,54.0,50.0,45.0,37.0,36.0,35.0, .. ,"18,270",37.0,21.0,36,7.0,6759900.0
170,Eastern Europe & Central Asia,TJK,Tajikistan,98.0,97.0,98.0,98.0,96.0,98.0,95.0,96.0,92.0,88.0,92.0,92.0,93.0,92.0,92.0,89.0,88.0,88.0,87.0,85.0,80.0,86.0,93.0,84.0,89.0,,,,,,,,,,,,,"6,952","8,921",35.0,19.0,40,6.0,3122350.0
171,East Asia & Pacific,THA,Thailand,99.0,99.0,99.0,99.0,99.0,99.0,99.0,99.0,99.0,99.0,99.0,99.0,99.0,99.0,98.0,98.0,98.0,99.0,98.0,98.0,97.0,98.0,97.0,96.0,95.0,96.0,97.0,96.0,93.0,91.0,86.0,83.0,77.0,73.0,73.0,76.0,73.0,"406,840","69,038",17.0,14.0,52,17.0,11736460.0
172,Eastern Europe & Central Asia,MKD,The former Yugoslav Republic of Macedonia,97.0,98.0,98.0,99.0,98.0,97.0,97.0,96.0,96.0,95.0,95.0,99.0,96.0,99.0,99.0,95.0,98.0,98.0,98.0,98.0,97.0,98.0,96.0,96.0,,,,,,,,,,,,,,"10,900","2,083",17.0,13.0,51,19.0,354110.0
173,East Asia & Pacific,TLS,Timor-Leste,95.0,82.0,83.0,88.0,84.0,70.0,76.0,77.0,85.0,76.0,71.0,64.0,65.0,65.0,68.0,,,,,,,,,,,,,,,,,,,,,,,"1,442","1,296",44.0,22.0,29,5.0,570240.0
174,West & Central Africa,TGO,Togo,93.0,92.0,91.0,94.0,94.0,94.0,97.0,93.0,92.0,94.0,91.0,91.0,83.0,83.0,75.0,63.0,80.0,81.0,74.0,67.0,70.0,74.0,77.0,80.0,83.0,87.0,90.0,93.0,84.0,92.0,59.0,48.0,32.0,41.0,36.0,29.0,,"4,400","7,798",42.0,19.0,35,5.0,3275160.0
175,East Asia & Pacific,TON,Tonga,83.0,86.0,86.0,86.0,81.0,86.0,86.0,87.0,90.0,91.0,92.0,94.0,95.0,96.0,94.0,99.0,99.0,99.0,98.0,98.0,99.0,98.0,96.0,98.0,99.0,96.0,97.0,97.0,97.0,99.0,91.0,97.0,75.0,84.0,76.0,62.0,65.0,395,108,36.0,20.0,35,8.0,38880.0
176,Latin America & Caribbean,TTO,Trinidad and Tobago,97.0,98.0,93.0,94.0,97.0,96.0,96.0,95.0,91.0,90.0,93.0,98.0,98.0,93.0,98.0,91.0,90.0,92.0,94.0,96.0,96.0,96.0,95.0,93.0,95.0,94.0,94.0,91.0,94.0,92.0,88.0,91.0,85.0,82.0,77.0,83.0,51.0,"20,989","1,369",21.0,13.0,52,15.0,287490.0
177,Middle East & North Africa,TUN,Tunisia,99.0,98.0,98.0,99.0,99.0,98.0,98.0,99.0,99.0,99.0,99.0,98.0,97.0,96.0,96.0,99.0,99.0,99.0,97.0,98.0,98.0,97.0,97.0,97.0,98.0,97.0,97.0,97.0,97.0,94.0,89.0,88.0,86.0,83.0,,,,"42,063","11,532",24.0,15.0,49,12.0,2767680.0
178,Eastern Europe & Central Asia,TUR,Turkey,99.0,98.0,97.0,99.0,97.0,98.0,98.0,97.0,97.0,98.0,92.0,92.0,86.0,76.0,82.0,95.0,92.0,92.0,93.0,92.0,89.0,86.0,95.0,91.0,91.0,89.0,94.0,92.0,95.0,95.0,70.0,78.0,79.0,79.0,80.0,84.0,67.0,"857,749","80,745",25.0,16.0,47,12.0,20186250.0
179,Eastern Europe & Central Asia,TKM,Turkmenistan,99.0,99.0,99.0,99.0,98.0,98.0,99.0,98.0,98.0,99.0,99.0,99.0,98.0,96.0,99.0,96.0,97.0,99.0,99.0,98.0,98.0,97.0,96.0,90.0,94.0,,,,,,,,,,,,,"36,180","5,758",31.0,17.0,45,7.0,1784980.0
180,East Asia & Pacific,TUV,Tuvalu,99.0,99.0,99.0,99.0,99.0,99.0,99.0,97.0,99.0,99.0,99.0,99.0,99.0,99.0,99.0,99.0,93.0,84.0,98.0,91.0,98.0,95.0,99.0,94.0,88.0,90.0,99.0,95.0,96.0,81.0,90.0,76.0,62.0,92.0,89.0,73.0,61.0,34,11,,,,,
181,Eastern & Southern Africa,UGA,Uganda,89.0,89.0,89.0,89.0,89.0,91.0,87.0,96.0,87.0,93.0,85.0,90.0,88.0,86.0,84.0,82.0,80.0,78.0,79.0,79.0,80.0,81.0,82.0,80.0,77.0,75.0,72.0,70.0,67.0,55.0,45.0,36.0,36.0,36.0,33.0,29.0,,"25,528","42,863",48.0,20.0,28,3.0,20574240.0
182,Eastern Europe & Central Asia,UKR,Ukraine,42.0,59.0,59.0,76.0,76.0,50.0,52.0,71.0,90.0,99.0,99.0,99.0,99.0,99.0,99.0,99.0,99.0,99.0,98.0,99.0,99.0,98.0,98.0,97.0,96.0,,,,,,,,,,,,,"93,270","44,223",15.0,10.0,51,23.0,6633450.0
183,Middle East & North Africa,ARE,United Arab Emirates,99.0,99.0,99.0,98.0,96.0,95.0,94.0,95.0,96.0,97.0,97.0,97.0,96.0,96.0,96.0,96.0,96.0,96.0,97.0,97.0,96.0,96.0,96.0,96.0,95.0,95.0,95.0,94.0,94.0,93.0,92.0,91.0,81.0,74.0,68.0,70.0,32.0,"348,743","9,400",14.0,11.0,72,2.0,1316000.0
184,Western Europe,GBR,United Kingdom of Great Britain and Northern Ireland,98.0,98.0,98.0,98.0,98.0,98.0,98.0,97.0,97.0,97.0,97.0,97.0,97.0,97.0,97.0,97.0,97.0,97.0,97.0,97.0,97.0,97.0,97.0,97.0,97.0,96.0,94.0,92.0,91.0,90.0,86.0,85.0,85.0,81.0,77.0,71.0,66.0,"2,618,886","66,182",18.0,12.0,47,24.0,11912760.0
185,Eastern & Southern Africa,TZA,United Republic of Tanzania,99.0,99.0,99.0,99.0,99.0,96.0,98.0,90.0,88.0,89.0,94.0,95.0,99.0,99.0,96.0,95.0,92.0,90.0,96.0,92.0,94.0,93.0,94.0,94.0,94.0,93.0,92.0,91.0,95.0,92.0,90.0,86.0,80.0,76.0,74.0,78.0,81.0,"47,431","57,310",45.0,19.0,31,5.0,25789500.0
186,North America,USA,United States of America,97.0,97.0,97.0,97.0,96.0,97.0,97.0,97.0,98.0,98.0,98.0,98.0,98.0,98.0,96.0,98.0,99.0,99.0,98.0,98.0,98.0,98.0,97.0,96.0,94.0,95.0,96.0,97.0,98.0,98.0,98.0,98.0,98.0,98.0,98.0,98.0,98.0,"18,569,100","324,459",19.0,14.0,46,22.0,61647210.0
187,Latin America & Caribbean,URY,Uruguay,97.0,99.0,99.0,98.0,98.0,99.0,98.0,99.0,98.0,98.0,99.0,99.0,98.0,98.0,99.0,99.0,92.0,94.0,95.0,97.0,97.0,97.0,97.0,97.0,97.0,98.0,98.0,96.0,94.0,95.0,88.0,84.0,83.0,90.0,86.0,80.0,77.0,"52,420","3,457",21.0,15.0,45,20.0,725970.0
188,Eastern Europe & Central Asia,UZB,Uzbekistan,99.0,99.0,99.0,99.0,99.0,99.0,99.0,99.0,99.0,98.0,96.0,99.0,99.0,99.0,99.0,99.0,99.0,99.0,99.0,98.0,98.0,96.0,86.0,83.0,94.0,,,,,,,,,,,,,"67,220","31,911",28.0,18.0,46,8.0,8935080.0
189,East Asia & Pacific,VUT,Vanuatu,75.0,75.0,75.0,75.0,75.0,76.0,76.0,77.0,77.0,78.0,78.0,79.0,80.0,82.0,83.0,84.0,85.0,87.0,88.0,89.0,86.0,90.0,90.0,95.0,91.0,94.0,91.0,82.0,80.0,79.0,56.0,55.0,53.0,52.0,46.0,,,774,276,36.0,18.0,39,7.0,99360.0
190,Latin America & Caribbean,VEN,Venezuela (Bolivarian Republic of),98.0,98.0,88.0,90.0,90.0,90.0,90.0,86.0,87.0,70.0,79.0,98.0,93.0,88.0,79.0,82.0,92.0,99.0,90.0,82.0,80.0,87.0,84.0,87.0,86.0,84.0,84.0,80.0,79.0,80.0,80.0,73.0,58.0,80.0,77.0,77.0,79.0, .. ,"31,977",28.0,17.0,45,10.0,8953560.0
191,East Asia & Pacific,VNM,Viet Nam,96.0,98.0,95.0,83.0,99.0,97.0,93.0,97.0,97.0,92.0,94.0,98.0,98.0,99.0,85.0,99.0,97.0,97.0,98.0,98.0,97.0,97.0,97.0,97.0,96.0,96.0,96.0,96.0,88.0,74.0,68.0,67.0,24.0,22.0,,,,"202,616","95,541",23.0,15.0,50,11.0,21974430.0
192,Middle East & North Africa,YEM,Yemen,76.0,77.0,82.0,82.0,77.0,79.0,84.0,84.0,85.0,88.0,86.0,88.0,89.0,77.0,72.0,87.0,88.0,84.0,75.0,65.0,72.0,69.0,58.0,77.0,74.0,61.0,94.0,79.0,61.0,41.0,35.0,33.0,27.0,24.0,22.0,21.0,18.0,"27,318","28,250",40.0,21.0,34,5.0,11300000.0
193,Eastern & Southern Africa,ZMB,Zambia,99.0,97.0,96.0,86.0,86.0,87.0,92.0,96.0,95.0,93.0,92.0,92.0,93.0,93.0,94.0,94.0,94.0,94.0,94.0,94.0,94.0,97.0,96.0,95.0,94.0,94.0,97.0,94.0,94.0,94.0,86.0,86.0,81.0,73.0,,,,"19,551","17,094",45.0,21.0,31,4.0,7692300.0
194,Eastern & Southern Africa,ZWE,Zimbabwe,94.0,94.0,98.0,98.0,99.0,99.0,95.0,87.0,89.0,86.0,83.0,80.0,77.0,79.0,81.0,83.0,84.0,86.0,88.0,95.0,96.0,96.0,95.0,95.0,95.0,95.0,96.0,95.0,95.0,94.0,91.0,84.0,82.0,77.0,71.0,64.0,,"16,289","16,530",41.0,20.0,34,4.0,6777300.0
195,,HKG,,,,,,,,,,,,,,,,,,,,,,,,,,,,,,,,,,,,,,,"320,912",,,,,,
196,,MAC,,,,,,,,,,,,,,,,,,,,,,,,,,,,,,,,,,,,,,,"44,803",,,,,,
197,,IMN,,,,,,,,,,,,,,,,,,,,,,,,,,,,,,,,,,,,,,,"7,428",,,,,,
198,,LIE,,,,,,,,,,,,,,,,,,,,,,,,,,,,,,,,,,,,,,,"6,664",,,,,,
199,,XKX,,,,,,,,,,,,,,,,,,,,,,,,,,,,,,,,,,,,,,,"6,650",,,,,,
200,,GUM,,,,,,,,,,,,,,,,,,,,,,,,,,,,,,,,,,,,,,,"5,734",,,,,,
201,,VIR,,,,,,,,,,,,,,,,,,,,,,,,,,,,,,,,,,,,,,,"3,765",,,,,,
202,,GRL,,,,,,,,,,,,,,,,,,,,,,,,,,,,,,,,,,,,,,,"2,220",,,,,,
203,,MNP,,,,,,,,,,,,,,,,,,,,,,,,,,,,,,,,,,,,,,,922,,,,,,
204,,ASM,,,,,,,,,,,,,,,,,,,,,,,,,,,,,,,,,,,,,,,641,,,,,,
205,,,,,,,,,,,,,,,,,,,,,,,,,,,,,,,,,,,,,,,,,,,,,,,
206,,,,,,,,,,,,,,,,,,,,,,,,,,,,,,,,,,,,,,,,,,,,,,,
207,,,,,,,,,,,,,,,,,,,,,,,,,,,,,,,,,,,,,,,,,,,,,,,
208,,,,,,,,,,,,,,,,,,,,,,,,,,,,,,,,,,,,,,,,,,,,,,,
209,,ABW,,,,,,,,,,,,,,,,,,,,,,,,,,,,,,,,,,,,,,, .. ,,,,,,
210,,BMU,,,,,,,,,,,,,,,,,,,,,,,,,,,,,,,,,,,,,,, .. ,,,,,,
211,,VGB,,,,,,,,,,,,,,,,,,,,,,,,,,,,,,,,,,,,,,, .. ,,,,,,
212,,CYM,,,,,,,,,,,,,,,,,,,,,,,,,,,,,,,,,,,,,,, .. ,,,,,,
213,,CHI,,,,,,,,,,,,,,,,,,,,,,,,,,,,,,,,,,,,,,, .. ,,,,,,
214,,CUW,,,,,,,,,,,,,,,,,,,,,,,,,,,,,,,,,,,,,,, .. ,,,,,,
215,,FRO,,,,,,,,,,,,,,,,,,,,,,,,,,,,,,,,,,,,,,, .. ,,,,,,
216,,PYF,,,,,,,,,,,,,,,,,,,,,,,,,,,,,,,,,,,,,,, .. ,,,,,,
217,,GIB,,,,,,,,,,,,,,,,,,,,,,,,,,,,,,,,,,,,,,, .. ,,,,,,
218,,NCL,,,,,,,,,,,,,,,,,,,,,,,,,,,,,,,,,,,,,,, .. ,,,,,,
219,,PRI,,,,,,,,,,,,,,,,,,,,,,,,,,,,,,,,,,,,,,, .. ,,,,,,
220,,SXM,,,,,,,,,,,,,,,,,,,,,,,,,,,,,,,,,,,,,,, .. ,,,,,,
221,,MAF,,,,,,,,,,,,,,,,,,,,,,,,,,,,,,,,,,,,,,, .. ,,,,,,
222,,TCA,,,,,,,,,,,,,,,,,,,,,,,,,,,,,,,,,,,,,,, .. ,,,,,,
223,,WLD,,,,,,,,,,,,,,,,,,,,,,,,,,,,,,,,,,,,,,,"75,641,577",,,,,,
224,,EAS,,,,,,,,,,,,,,,,,,,,,,,,,,,,,,,,,,,,,,,"22,477,425",,,,,,
225,,ECS,,,,,,,,,,,,,,,,,,,,,,,,,,,,,,,,,,,,,,,"20,162,858",,,,,,
226,,LCN,,,,,,,,,,,,,,,,,,,,,,,,,,,,,,,,,,,,,,,"5,294,928",,,,,,
227,,MEA,,,,,,,,,,,,,,,,,,,,,,,,,,,,,,,,,,,,,,,"3,111,499",,,,,,
228,,NAC,,,,,,,,,,,,,,,,,,,,,,,,,,,,,,,,,,,,,,,"20,104,905",,,,,,
229,,SAS,,,,,,,,,,,,,,,,,,,,,,,,,,,,,,,,,,,,,,,"2,896,361",,,,,,
230,,SSF,,,,,,,,,,,,,,,,,,,,,,,,,,,,,,,,,,,,,,,"1,498,001",,,,,,
231,,LIC,,,,,,,,,,,,,,,,,,,,,,,,,,,,,,,,,,,,,,,"405,501",,,,,,
232,,LMC,,,,,,,,,,,,,,,,,,,,,,,,,,,,,,,,,,,,,,,"6,252,244",,,,,,
233,,UMC,,,,,,,,,,,,,,,,,,,,,,,,,,,,,,,,,,,,,,,"20,570,823",,,,,,
234,,HIC,,,,,,,,,,,,,,,,,,,,,,,,,,,,,,,,,,,,,,,"48,407,640",,,,,,
235,,,World,,,,,,,,,,,,,,,,,,,,,,,,,,,,,,,,,,,,,,,"7,550,262",26.0,16.0,46,13.0,1963068120.0
236,,,Africa,,,,,,,,,,,,,,,,,,,,,,,,,,,,,,,,,,,,,,,"1,256,268",41.0,19.0,35,5.0,515069880.0
237,,,Asia,,,,,,,,,,,,,,,,,,,,,,,,,,,,,,,,,,,,,,,"4,504,428",24.0,16.0,48,12.0,1081062720.0
238,,,Europe,,,,,,,,,,,,,,,,,,,,,,,,,,,,,,,,,,,,,,,"742,074",16.0,11.0,49,25.0,118731840.0
239,,,Latin America and the Caribbean,,,,,,,,,,,,,,,,,,,,,,,,,,,,,,,,,,,,,,,"645,593",25.0,17.0,46,12.0,161398250.0
240,,,Northern America,,,,,,,,,,,,,,,,,,,,,,,,,,,,,,,,,,,,,,,"361,208",19.0,13.0,46,22.0,68629520.0
241,,,Oceania,,,,,,,,,,,,,,,,,,,,,,,,,,,,,,,,,,,,,,,"40,691",23.0,15.0,45,17.0,9358930.0
242,,,American Samoa,,,,,,,,,,,,,,,,,,,,,,,,,,,,,,,,,,,,,,,56,,,,,
243,,,Anguilla,,,,,,,,,,,,,,,,,,,,,,,,,,,,,,,,,,,,,,,15,,,,,
244,,,Aruba,,,,,,,,,,,,,,,,,,,,,,,,,,,,,,,,,,,,,,,105,18.0,14.0,48,20.0,18900.0
245,,,Bermuda,,,,,,,,,,,,,,,,,,,,,,,,,,,,,,,,,,,,,,,61,,,,,
246,,,British Virgin Islands,,,,,,,,,,,,,,,,,,,,,,,,,,,,,,,,,,,,,,,31,,,,,
247,,,Caribbean Netherlands,,,,,,,,,,,,,,,,,,,,,,,,,,,,,,,,,,,,,,,25,,,,,
248,,,Cayman Islands,,,,,,,,,,,,,,,,,,,,,,,,,,,,,,,,,,,,,,,62,,,,,
249,,,Channel Islands,,,,,,,,,,,,,,,,,,,,,,,,,,,,,,,,,,,,,,,165,15.0,11.0,50,25.0,24750.0
250,,,"China, Hong Kong SAR",,,,,,,,,,,,,,,,,,,,,,,,,,,,,,,,,,,,,,,"7,365",11.0,10.0,55,23.0,810150.0
251,,,"China, Macao SAR",,,,,,,,,,,,,,,,,,,,,,,,,,,,,,,,,,,,,,,623,13.0,11.0,59,16.0,80990.0
252,,,"China, Taiwan Province of China",,,,,,,,,,,,,,,,,,,,,,,,,,,,,,,,,,,,,,,"23,626",13.0,13.0,54,20.0,3071380.0
253,,,Cura‡ao,,,,,,,,,,,,,,,,,,,,,,,,,,,,,,,,,,,,,,,161,19.0,13.0,46,23.0,30590.0
254,,,Faeroe Islands,,,,,,,,,,,,,,,,,,,,,,,,,,,,,,,,,,,,,,,49,,,,,
255,,,Falkland Islands (Malvinas),,,,,,,,,,,,,,,,,,,,,,,,,,,,,,,,,,,,,,,3,,,,,
256,,,French Guiana,,,,,,,,,,,,,,,,,,,,,,,,,,,,,,,,,,,,,,,283,33.0,17.0,41,8.0,93390.0
257,,,French Polynesia,,,,,,,,,,,,,,,,,,,,,,,,,,,,,,,,,,,,,,,283,23.0,16.0,48,12.0,65090.0
258,,,Gibraltar,,,,,,,,,,,,,,,,,,,,,,,,,,,,,,,,,,,,,,,35,,,,,
259,,,Greenland,,,,,,,,,,,,,,,,,,,,,,,,,,,,,,,,,,,,,,,56,,,,,
260,,,Guadeloupe,,,,,,,,,,,,,,,,,,,,,,,,,,,,,,,,,,,,,,,450,19.0,15.0,43,24.0,85500.0
261,,,Guam,,,,,,,,,,,,,,,,,,,,,,,,,,,,,,,,,,,,,,,164,25.0,17.0,44,14.0,41000.0
262,,,Holy See,,,,,,,,,,,,,,,,,,,,,,,,,,,,,,,,,,,,,,,1,,,,,
263,,,Isle of Man,,,,,,,,,,,,,,,,,,,,,,,,,,,,,,,,,,,,,,,84,,,,,
264,,,Liechtenstein,,,,,,,,,,,,,,,,,,,,,,,,,,,,,,,,,,,,,,,38,,,,,
265,,,Martinique,,,,,,,,,,,,,,,,,,,,,,,,,,,,,,,,,,,,,,,385,18.0,11.0,45,26.0,69300.0
266,,,Mayotte,,,,,,,,,,,,,,,,,,,,,,,,,,,,,,,,,,,,,,,253,41.0,19.0,35,6.0,103730.0
267,,,Montserrat,,,,,,,,,,,,,,,,,,,,,,,,,,,,,,,,,,,,,,,5,,,,,
268,,,New Caledonia,,,,,,,,,,,,,,,,,,,,,,,,,,,,,,,,,,,,,,,276,23.0,16.0,47,14.0,63480.0
269,,,Northern Mariana Islands,,,,,,,,,,,,,,,,,,,,,,,,,,,,,,,,,,,,,,,55,,,,,
270,,,Puerto Rico,,,,,,,,,,,,,,,,,,,,,,,,,,,,,,,,,,,,,,,"3,663",18.0,15.0,47,20.0,659340.0
271,,,Réunion,,,,,,,,,,,,,,,,,,,,,,,,,,,,,,,,,,,,,,,877,24.0,15.0,45,16.0,210480.0
272,,,Saint Helena,,,,,,,,,,,,,,,,,,,,,,,,,,,,,,,,,,,,,,,4,,,,,
273,,,Saint Pierre and Miquelon,,,,,,,,,,,,,,,,,,,,,,,,,,,,,,,,,,,,,,,6,,,,,
274,,,Sint Maarten (Dutch part),,,,,,,,,,,,,,,,,,,,,,,,,,,,,,,,,,,,,,,40,,,,,
275,,,Tokelau,,,,,,,,,,,,,,,,,,,,,,,,,,,,,,,,,,,,,,,1,,,,,
276,,,Turks and Caicos Islands,,,,,,,,,,,,,,,,,,,,,,,,,,,,,,,,,,,,,,,35,,,,,
277,,,United States Virgin Islands,,,,,,,,,,,,,,,,,,,,,,,,,,,,,,,,,,,,,,,105,20.0,13.0,42,25.0,21000.0
278,,,Wallis and Futuna Islands,,,,,,,,,,,,,,,,,,,,,,,,,,,,,,,,,,,,,,,12,,,,,
279,,,Western Sahara,,,,,,,,,,,,,,,,,,,,,,,,,,,,,,,,,,,,,,,553,28.0,17.0,49,5.0,154840.0
